,Open,High,Low,Close,Volume
2015-01-01 00:00:00+00:00,321.0,321.0,312.6,313.81,3087.4365
2015-01-02 00:00:00+00:00,313.81,317.01,311.96,315.42,3468.2812
2015-01-03 00:00:00+00:00,315.42,316.58,280.0,282.0,21752.719
2015-01-04 00:00:00+00:00,280.0,289.39,255.0,264.0,41441.277
2015-01-05 00:00:00+00:00,264.55,280.0,264.07,276.8,9528.271
2015-01-06 00:00:00+00:00,264.55,280.0,264.07,276.8,0.0
2015-01-07 00:00:00+00:00,264.55,280.0,264.07,276.8,0.0
2015-01-08 00:00:00+00:00,264.55,280.0,264.07,276.8,0.0
2015-01-09 00:00:00+00:00,276.8,305.0,272.45,293.97,9914.25
2015-01-10 00:00:00+00:00,293.89,295.0,271.03,275.59,29448.777
2015-01-11 00:00:00+00:00,275.6,280.94,262.08,266.39,12758.949
2015-01-12 00:00:00+00:00,266.34,272.43,263.54,267.42,10478.25
2015-01-13 00:00:00+00:00,267.1,268.15,216.0,227.0,60556.164
2015-01-14 00:00:00+00:00,227.01,230.89,152.4,171.41,124188.88
2015-01-15 00:00:00+00:00,172.0,233.9,168.5,210.98,83488.414
2015-01-16 00:00:00+00:00,210.69,223.15,198.04,208.03,34723.348
2015-01-17 00:00:00+00:00,208.02,212.84,192.17,199.69,19121.889
2015-01-18 00:00:00+00:00,199.69,222.0,195.02,211.85,18205.18
2015-01-19 00:00:00+00:00,211.85,220.94,207.7,216.34,13037.399
2015-01-20 00:00:00+00:00,216.01,216.81,201.98,210.65,14129.24
2015-01-21 00:00:00+00:00,211.94,228.9,205.0,227.16,23160.656
2015-01-22 00:00:00+00:00,227.75,239.0,226.01,234.08,25405.33
2015-01-23 00:00:00+00:00,234.08,240.0,225.55,233.64,15268.269
2015-01-24 00:00:00+00:00,233.64,249.99,230.03,249.19,13793.776
2015-01-25 00:00:00+00:00,249.33,257.0,241.33,255.31,28760.928
2015-01-26 00:00:00+00:00,254.67,309.9,254.67,274.8,55829.613
2015-01-27 00:00:00+00:00,274.76,278.51,243.1,263.98,21159.826
2015-01-28 00:00:00+00:00,263.97,266.45,225.91,236.07,28092.334
2015-01-29 00:00:00+00:00,236.07,242.18,220.0,235.79,26012.17
2015-01-30 00:00:00+00:00,235.12,244.98,225.52,228.98,20614.838
2015-01-31 00:00:00+00:00,228.96,234.8,215.75,216.9,19208.28
2015-02-01 00:00:00+00:00,218.04,233.0,208.48,226.93,18408.252
2015-02-02 00:00:00+00:00,226.93,241.98,221.79,238.47,15612.795
2015-02-03 00:00:00+00:00,238.38,244.39,223.79,227.99,17499.533
2015-02-04 00:00:00+00:00,227.99,231.0,220.02,227.0,14983.464
2015-02-05 00:00:00+00:00,226.93,229.0,210.43,216.81,12982.786
2015-02-06 00:00:00+00:00,216.46,225.86,210.59,223.37,10951.787
2015-02-07 00:00:00+00:00,223.44,231.14,221.77,228.3,9663.675
2015-02-08 00:00:00+00:00,228.3,232.89,217.28,223.88,13775.01
2015-02-09 00:00:00+00:00,223.92,225.99,215.0,220.9,19473.957
2015-02-10 00:00:00+00:00,220.91,222.0,215.0,220.42,6882.647
2015-02-11 00:00:00+00:00,220.42,223.43,217.99,219.55,10676.293
2015-02-12 00:00:00+00:00,219.57,223.09,218.01,223.0,6964.6064
2015-02-13 00:00:00+00:00,223.02,242.35,221.37,237.0,21412.459
2015-02-14 00:00:00+00:00,237.0,259.31,236.9,256.99,19824.754
2015-02-15 00:00:00+00:00,256.81,267.92,227.75,235.63,29173.271
2015-02-16 00:00:00+00:00,235.61,241.23,229.2,234.7,12394.829
2015-02-17 00:00:00+00:00,234.69,248.78,232.01,244.7,13121.541
2015-02-18 00:00:00+00:00,244.7,247.0,232.01,237.37,12821.911
2015-02-19 00:00:00+00:00,237.37,245.01,235.59,240.59,8704.34
2015-02-20 00:00:00+00:00,240.61,249.32,239.41,245.48,9342.689
2015-02-21 00:00:00+00:00,245.48,247.8,244.0,245.41,2982.212
2015-02-22 00:00:00+00:00,245.41,247.42,232.48,236.5,7751.75
2015-02-23 00:00:00+00:00,236.5,241.0,232.05,239.65,6327.7266
2015-02-24 00:00:00+00:00,239.63,240.97,236.07,239.55,5144.114
2015-02-25 00:00:00+00:00,239.55,240.98,236.0,237.97,3810.5352
2015-02-26 00:00:00+00:00,237.97,238.55,234.01,236.84,5492.008
2015-02-27 00:00:00+00:00,236.84,256.15,236.16,252.78,22012.004
2015-02-28 00:00:00+00:00,252.78,254.56,245.2,253.47,5626.6284
2015-03-01 00:00:00+00:00,253.45,260.25,245.0,258.34,9678.179
2015-03-02 00:00:00+00:00,258.34,277.0,255.61,274.93,18015.26
2015-03-03 00:00:00+00:00,274.93,284.95,265.89,281.0,20977.32
2015-03-04 00:00:00+00:00,281.03,283.88,264.94,270.78,14313.167
2015-03-05 00:00:00+00:00,270.72,280.5,262.2,273.09,11428.339
2015-03-06 00:00:00+00:00,273.46,276.46,269.0,272.68,6853.28
2015-03-07 00:00:00+00:00,272.61,279.48,270.0,276.71,5716.655
2015-03-08 00:00:00+00:00,276.71,277.57,271.12,275.0,4430.691
2015-03-09 00:00:00+00:00,275.0,289.0,274.17,287.12,11996.318
2015-03-10 00:00:00+00:00,287.12,296.8,283.96,290.0,13129.061
2015-03-11 00:00:00+00:00,290.0,296.79,285.83,296.54,6737.503
2015-03-12 00:00:00+00:00,296.29,297.95,289.0,295.31,7880.674
2015-03-13 00:00:00+00:00,295.66,295.66,282.99,283.25,9610.55
2015-03-14 00:00:00+00:00,283.25,287.69,280.46,282.01,5375.8
2015-03-15 00:00:00+00:00,282.36,287.75,281.42,286.75,2430.0457
2015-03-16 00:00:00+00:00,286.75,294.26,285.78,289.27,6499.9185
2015-03-17 00:00:00+00:00,289.27,292.99,281.9,282.8,6447.4194
2015-03-18 00:00:00+00:00,282.8,284.0,249.02,256.45,21654.682
2015-03-19 00:00:00+00:00,256.59,265.95,249.0,261.81,15017.742
2015-03-20 00:00:00+00:00,261.97,265.27,257.0,261.96,5678.38
2015-03-21 00:00:00+00:00,261.92,262.49,256.25,260.0,4623.895
2015-03-22 00:00:00+00:00,260.0,272.0,259.24,267.74,5976.8384
2015-03-23 00:00:00+00:00,268.28,270.07,259.5,265.94,8658.473
2015-03-24 00:00:00+00:00,265.98,266.52,241.84,245.0,19085.79
2015-03-25 00:00:00+00:00,245.29,250.0,236.4,246.94,12881.633
2015-03-26 00:00:00+00:00,246.99,253.75,244.91,249.23,8385.9375
2015-03-27 00:00:00+00:00,249.23,250.52,245.12,247.94,6089.846
2015-03-28 00:00:00+00:00,247.93,253.83,247.25,252.87,5685.6396
2015-03-29 00:00:00+00:00,252.91,252.96,239.96,242.0,6690.2285
2015-03-30 00:00:00+00:00,242.0,248.86,236.52,247.95,7951.747
2015-03-31 00:00:00+00:00,247.95,248.59,238.55,244.24,8114.0894
2015-04-01 00:00:00+00:00,244.24,246.83,239.32,246.69,6226.0166
2015-04-02 00:00:00+00:00,246.68,256.96,244.52,253.28,9806.822
2015-04-03 00:00:00+00:00,253.22,256.67,251.23,254.19,5048.577
2015-04-04 00:00:00+00:00,254.19,255.85,250.76,253.7,2769.2817
2015-04-05 00:00:00+00:00,253.7,261.0,251.65,260.54,5759.3604
2015-04-06 00:00:00+00:00,260.54,262.98,254.0,255.58,5960.6777
2015-04-07 00:00:00+00:00,255.54,256.62,251.5,253.72,6010.2676
2015-04-08 00:00:00+00:00,253.71,254.96,243.06,244.58,11663.656
2015-04-09 00:00:00+00:00,244.84,246.3,238.47,243.43,7943.7104
2015-04-10 00:00:00+00:00,243.75,243.94,231.0,235.99,11549.631
2015-04-11 00:00:00+00:00,235.99,239.42,233.0,236.15,4108.504
2015-04-12 00:00:00+00:00,236.09,237.5,233.42,236.5,3173.3276
2015-04-13 00:00:00+00:00,236.42,236.9,219.64,223.15,13924.227
2015-04-14 00:00:00+00:00,222.97,224.79,210.0,215.8,18582.19
2015-04-15 00:00:00+00:00,215.78,222.88,214.05,222.88,9949.324
2015-04-16 00:00:00+00:00,222.83,229.67,222.44,227.5,10834.873
2015-04-17 00:00:00+00:00,227.5,228.29,220.0,222.6,7928.3955
2015-04-18 00:00:00+00:00,222.6,224.72,220.32,223.4,4620.3154
2015-04-19 00:00:00+00:00,223.35,227.35,221.91,222.54,5901.4956
2015-04-20 00:00:00+00:00,222.54,226.51,221.43,224.3,5966.8613
2015-04-21 00:00:00+00:00,224.3,236.0,223.91,235.74,9923.679
2015-04-22 00:00:00+00:00,235.71,238.64,229.1,233.45,10710.5
2015-04-23 00:00:00+00:00,233.25,236.22,232.01,235.98,8352.857
2015-04-24 00:00:00+00:00,235.61,236.0,228.0,230.24,8543.667
2015-04-25 00:00:00+00:00,231.04,232.29,225.7,226.12,5286.0986
2015-04-26 00:00:00+00:00,226.12,227.26,214.98,219.52,11238.356
2015-04-27 00:00:00+00:00,219.52,229.93,217.52,227.23,13816.491
2015-04-28 00:00:00+00:00,227.17,227.56,221.45,225.16,9345.783
2015-04-29 00:00:00+00:00,225.18,226.99,221.81,225.48,8668.36
2015-04-30 00:00:00+00:00,225.48,240.0,224.6,236.2,12490.202
2015-05-01 00:00:00+00:00,236.47,239.23,230.51,231.0,6687.1235
2015-05-02 00:00:00+00:00,231.05,234.9,229.87,233.83,4350.059
2015-05-03 00:00:00+00:00,233.83,242.25,232.31,239.0,4407.814
2015-05-04 00:00:00+00:00,239.73,242.2,236.07,238.34,7504.689
2015-05-05 00:00:00+00:00,238.22,238.78,229.66,235.12,8621.547
2015-05-06 00:00:00+00:00,235.18,235.94,227.01,228.49,8623.827
2015-05-07 00:00:00+00:00,228.34,240.0,227.35,236.87,11062.649
2015-05-08 00:00:00+00:00,236.92,246.57,235.29,243.2,9486.755
2015-05-09 00:00:00+00:00,243.22,247.01,238.62,241.96,5499.606
2015-05-10 00:00:00+00:00,241.83,244.99,238.02,239.13,3520.2422
2015-05-11 00:00:00+00:00,239.13,244.51,237.99,241.3,9690.64
2015-05-12 00:00:00+00:00,241.3,242.0,237.54,241.03,8418.716
2015-05-13 00:00:00+00:00,241.03,244.14,235.06,235.97,9332.466
2015-05-14 00:00:00+00:00,235.97,239.7,232.22,237.13,7530.501
2015-05-15 00:00:00+00:00,237.13,239.28,235.12,237.37,4536.929
2015-05-16 00:00:00+00:00,237.37,237.4,234.0,235.66,3116.7896
2015-05-17 00:00:00+00:00,235.66,237.0,234.15,235.97,2645.1614
2015-05-18 00:00:00+00:00,235.69,236.94,231.44,232.87,7443.2197
2015-05-19 00:00:00+00:00,233.03,234.24,230.86,231.4,5568.277
2015-05-20 00:00:00+00:00,231.4,234.86,231.0,234.43,7823.3564
2015-05-21 00:00:00+00:00,234.4,236.52,233.75,235.0,4609.2812
2015-05-22 00:00:00+00:00,235.0,240.9,232.92,238.99,10451.8
2015-05-23 00:00:00+00:00,238.99,240.67,237.4,237.76,3216.2798
2015-05-24 00:00:00+00:00,237.76,241.64,237.66,239.22,2921.548
2015-05-25 00:00:00+00:00,239.22,240.1,233.1,235.59,5625.087
2015-05-26 00:00:00+00:00,235.59,237.96,234.0,235.71,8590.076
2015-05-27 00:00:00+00:00,235.71,237.35,234.0,235.17,8572.873
2015-05-28 00:00:00+00:00,235.32,236.8,234.87,236.46,5005.981
2015-05-29 00:00:00+00:00,236.46,236.52,234.0,236.03,6165.8916
2015-05-30 00:00:00+00:00,236.03,236.03,231.0,232.11,4245.9443
2015-05-31 00:00:00+00:00,232.11,232.51,228.0,228.91,4372.2085
2015-06-01 00:00:00+00:00,228.91,231.2,220.65,223.51,12184.963
2015-06-02 00:00:00+00:00,223.5,226.38,221.34,225.18,7744.8784
2015-06-03 00:00:00+00:00,225.17,226.99,222.57,224.27,5815.573
2015-06-04 00:00:00+00:00,224.8,225.98,222.0,222.99,4822.409
2015-06-05 00:00:00+00:00,222.99,225.9,219.03,224.4,8396.713
2015-06-06 00:00:00+00:00,224.4,225.26,223.07,224.99,2772.331
2015-06-07 00:00:00+00:00,224.95,225.48,221.86,222.7,3324.3826
2015-06-08 00:00:00+00:00,222.65,229.4,222.31,228.17,8986.867
2015-06-09 00:00:00+00:00,228.17,230.79,226.67,228.7,9129.708
2015-06-10 00:00:00+00:00,228.7,229.75,226.83,227.8,6284.7407
2015-06-11 00:00:00+00:00,227.88,229.57,227.25,229.03,4727.315
2015-06-12 00:00:00+00:00,229.14,230.7,228.29,229.4,5887.1484
2015-06-13 00:00:00+00:00,229.4,232.04,228.06,231.64,4009.8047
2015-06-14 00:00:00+00:00,231.64,234.0,230.94,232.09,3586.281
2015-06-15 00:00:00+00:00,232.08,237.09,231.55,235.92,10505.585
2015-06-16 00:00:00+00:00,236.0,252.05,234.35,250.09,17954.594
2015-06-17 00:00:00+00:00,250.09,257.39,243.2,247.76,16951.14
2015-06-18 00:00:00+00:00,247.76,251.58,240.0,248.4,11145.13
2015-06-19 00:00:00+00:00,248.4,249.93,242.14,243.7,6783.075
2015-06-20 00:00:00+00:00,243.75,245.56,239.93,244.76,4434.687
2015-06-21 00:00:00+00:00,244.65,245.0,241.06,243.64,1946.2931
2015-06-22 00:00:00+00:00,243.6,247.99,242.64,246.0,5149.7637
2015-06-23 00:00:00+00:00,245.99,247.25,242.14,243.74,4953.9033
2015-06-24 00:00:00+00:00,243.85,243.99,238.2,240.19,6723.3135
2015-06-25 00:00:00+00:00,240.19,242.9,239.18,241.98,5002.931
2015-06-26 00:00:00+00:00,242.08,243.44,240.0,242.98,5271.851
2015-06-27 00:00:00+00:00,242.98,252.0,242.36,251.21,7101.1025
2015-06-28 00:00:00+00:00,251.28,251.28,247.04,248.62,6104.312
2015-06-29 00:00:00+00:00,248.62,256.94,248.3,256.04,15393.1045
2015-06-30 00:00:00+00:00,256.04,268.0,255.0,262.5,19902.443
2015-07-01 00:00:00+00:00,262.58,265.25,253.81,257.62,13395.153
2015-07-02 00:00:00+00:00,257.62,260.77,253.19,254.54,9826.995
2015-07-03 00:00:00+00:00,254.54,256.44,252.4,255.92,9153.853
2015-07-04 00:00:00+00:00,256.06,261.28,254.05,260.2,7909.857
2015-07-05 00:00:00+00:00,260.2,274.74,258.75,271.5,21362.613
2015-07-06 00:00:00+00:00,271.39,278.54,267.13,268.51,20027.861
2015-07-07 00:00:00+00:00,268.53,271.69,264.01,265.51,13755.63
2015-07-08 00:00:00+00:00,265.67,273.24,263.01,270.63,16042.269
2015-07-09 00:00:00+00:00,270.63,271.98,265.92,268.92,13906.645
2015-07-10 00:00:00+00:00,268.98,294.71,268.63,285.23,29151.312
2015-07-11 00:00:00+00:00,285.23,298.05,283.88,291.64,11693.225
2015-07-12 00:00:00+00:00,291.64,317.99,291.64,310.55,22497.467
2015-07-13 00:00:00+00:00,310.55,310.73,281.0,292.68,29775.979
2015-07-14 00:00:00+00:00,292.54,297.13,286.02,287.55,10361.08
2015-07-15 00:00:00+00:00,287.49,293.7,284.29,285.67,9798.375
2015-07-16 00:00:00+00:00,285.67,292.4,274.92,277.89,21103.342
2015-07-17 00:00:00+00:00,277.89,280.73,272.31,279.43,11477.056
2015-07-18 00:00:00+00:00,279.43,283.0,276.73,276.79,9362.078
2015-07-19 00:00:00+00:00,276.74,278.1,275.01,275.47,5289.041
2015-07-20 00:00:00+00:00,275.47,279.35,274.62,278.96,8818.528
2015-07-21 00:00:00+00:00,278.95,281.07,276.28,276.76,9000.555
2015-07-22 00:00:00+00:00,276.49,277.97,275.0,277.68,8318.463
2015-07-23 00:00:00+00:00,277.5,278.55,275.79,276.61,6439.613
2015-07-24 00:00:00+00:00,276.61,290.53,275.9,289.01,15854.097
2015-07-25 00:00:00+00:00,289.0,292.0,286.5,288.78,7545.8853
2015-07-26 00:00:00+00:00,288.78,294.0,287.41,293.19,5298.4663
2015-07-27 00:00:00+00:00,292.85,297.44,286.43,294.29,14650.732
2015-07-28 00:00:00+00:00,294.03,297.0,292.19,294.01,8799.043
2015-07-29 00:00:00+00:00,294.01,294.57,287.27,289.85,10236.162
2015-07-30 00:00:00+00:00,289.85,290.08,284.53,288.01,8108.621
2015-07-31 00:00:00+00:00,288.01,289.0,281.8,284.33,7902.7676
2015-08-01 00:00:00+00:00,284.33,285.16,276.66,280.19,7104.0664
2015-08-02 00:00:00+00:00,280.19,282.9,276.57,282.32,4530.1772
2015-08-03 00:00:00+00:00,282.32,285.8,279.52,280.43,6310.6074
2015-08-04 00:00:00+00:00,280.43,285.88,280.43,285.0,6206.118
2015-08-05 00:00:00+00:00,285.0,285.86,280.63,281.13,6549.5464
2015-08-06 00:00:00+00:00,281.13,281.65,276.6,277.48,7123.8125
2015-08-07 00:00:00+00:00,277.48,280.43,274.19,279.63,8664.809
2015-08-08 00:00:00+00:00,279.94,279.97,260.41,262.19,10269.868
2015-08-09 00:00:00+00:00,262.19,268.95,261.01,265.05,8870.579
2015-08-10 00:00:00+00:00,265.05,266.79,261.6,264.33,9697.42
2015-08-11 00:00:00+00:00,264.11,271.5,264.07,271.15,8394.116
2015-08-12 00:00:00+00:00,271.15,271.16,265.71,267.73,9520.314
2015-08-13 00:00:00+00:00,267.53,267.88,262.32,264.48,10710.975
2015-08-14 00:00:00+00:00,264.48,266.99,262.0,265.4,8012.603
2015-08-15 00:00:00+00:00,265.57,266.5,260.45,261.46,5485.6304
2015-08-16 00:00:00+00:00,261.46,262.2,254.01,256.11,9633.275
2015-08-17 00:00:00+00:00,256.11,259.12,254.63,256.47,8655.189
2015-08-18 00:00:00+00:00,256.47,256.99,221.11,224.8,16141.82
2015-08-19 00:00:00+00:00,224.0,237.66,222.01,226.92,24295.072
2015-08-20 00:00:00+00:00,226.92,236.66,226.4,235.54,15812.335
2015-08-21 00:00:00+00:00,235.15,236.66,231.77,233.49,10296.317
2015-08-22 00:00:00+00:00,233.49,235.2,223.01,231.0,15856.245
2015-08-23 00:00:00+00:00,231.0,234.03,225.85,228.89,12842.467
2015-08-24 00:00:00+00:00,228.89,228.99,207.73,209.72,37523.082
2015-08-25 00:00:00+00:00,209.72,228.04,198.12,222.38,42308.004
2015-08-26 00:00:00+00:00,222.38,231.09,219.77,225.8,24007.596
2015-08-27 00:00:00+00:00,225.8,228.89,223.17,225.09,14366.264
2015-08-28 00:00:00+00:00,225.09,235.93,220.29,231.65,22900.188
2015-08-29 00:00:00+00:00,231.76,233.9,226.67,230.54,15490.56
2015-08-30 00:00:00+00:00,230.41,232.75,225.04,229.0,15486.36
2015-08-31 00:00:00+00:00,229.04,232.49,224.39,229.86,15803.519
2015-09-01 00:00:00+00:00,230.25,231.67,226.17,227.96,23925.188
2015-09-02 00:00:00+00:00,227.97,230.77,226.0,229.18,21470.77
2015-09-03 00:00:00+00:00,229.18,229.96,226.5,227.28,19739.629
2015-09-04 00:00:00+00:00,227.24,231.4,226.33,230.52,20870.016
2015-09-05 00:00:00+00:00,230.72,237.22,229.23,235.6,20103.041
2015-09-06 00:00:00+00:00,235.6,244.2,235.02,240.28,25758.893
2015-09-07 00:00:00+00:00,240.28,242.91,238.44,240.19,23152.031
2015-09-08 00:00:00+00:00,240.07,246.24,239.98,244.21,24023.879
2015-09-09 00:00:00+00:00,244.04,244.22,237.01,238.35,23251.865
2015-09-10 00:00:00+00:00,238.35,241.65,234.78,238.66,20694.92
2015-09-11 00:00:00+00:00,238.66,240.94,237.5,240.0,13805.177
2015-09-12 00:00:00+00:00,240.0,240.0,233.02,234.79,17449.12
2015-09-13 00:00:00+00:00,234.79,236.09,228.0,229.66,19655.121
2015-09-14 00:00:00+00:00,229.66,232.92,223.99,229.71,16674.857
2015-09-15 00:00:00+00:00,229.84,231.21,226.5,230.03,17298.611
2015-09-16 00:00:00+00:00,229.99,230.5,223.0,228.34,18169.463
2015-09-17 00:00:00+00:00,228.34,235.0,227.0,232.17,14645.736
2015-09-18 00:00:00+00:00,232.17,234.4,230.83,233.12,19458.904
2015-09-19 00:00:00+00:00,233.12,233.76,229.89,230.0,11230.758
2015-09-20 00:00:00+00:00,230.0,231.7,229.0,230.16,13401.145
2015-09-21 00:00:00+00:00,230.16,230.16,225.0,226.15,14081.308
2015-09-22 00:00:00+00:00,226.15,231.96,223.12,230.42,19332.879
2015-09-23 00:00:00+00:00,230.08,231.5,228.0,229.42,13586.087
2015-09-24 00:00:00+00:00,229.42,235.52,228.89,233.86,24202.736
2015-09-25 00:00:00+00:00,233.88,237.25,232.56,235.22,22555.445
2015-09-26 00:00:00+00:00,235.14,235.67,233.0,233.81,15109.424
2015-09-27 00:00:00+00:00,233.81,234.61,231.16,232.41,17506.45
2015-09-28 00:00:00+00:00,232.41,239.68,231.69,239.14,17566.826
2015-09-29 00:00:00+00:00,239.14,240.56,235.09,236.94,19877.455
2015-09-30 00:00:00+00:00,236.78,238.27,234.67,236.2,20934.846
2015-10-01 00:00:00+00:00,235.87,239.44,235.01,237.15,20341.008
2015-10-02 00:00:00+00:00,237.15,239.06,235.0,237.77,16908.035
2015-10-03 00:00:00+00:00,237.77,239.86,236.3,238.95,17825.617
2015-10-04 00:00:00+00:00,239.06,239.98,237.62,238.6,15015.066
2015-10-05 00:00:00+00:00,238.6,240.85,236.1,240.84,20316.504
2015-10-06 00:00:00+00:00,240.84,248.19,239.52,246.57,26684.248
2015-10-07 00:00:00+00:00,246.57,247.65,242.3,243.2,23768.197
2015-10-08 00:00:00+00:00,243.2,244.76,242.06,242.9,13983.752
2015-10-09 00:00:00+00:00,242.9,244.95,242.16,244.48,14099.916
2015-10-10 00:00:00+00:00,244.48,246.43,243.0,245.71,17313.143
2015-10-11 00:00:00+00:00,245.71,248.5,244.53,248.05,19140.355
2015-10-12 00:00:00+00:00,248.05,248.47,245.01,245.81,10671.704
2015-10-13 00:00:00+00:00,245.81,250.89,242.82,249.73,25901.604
2015-10-14 00:00:00+00:00,249.73,255.93,248.06,252.47,26942.871
2015-10-15 00:00:00+00:00,252.47,256.5,250.3,254.49,22037.629
2015-10-16 00:00:00+00:00,254.49,267.0,253.69,263.09,34816.742
2015-10-17 00:00:00+00:00,263.09,273.0,260.8,270.07,25328.148
2015-10-18 00:00:00+00:00,270.04,271.17,260.0,261.05,10003.127
2015-10-19 00:00:00+00:00,261.05,266.01,259.82,263.66,16704.7
2015-10-20 00:00:00+00:00,264.28,272.95,262.67,270.64,28967.441
2015-10-21 00:00:00+00:00,270.3,272.69,264.0,267.89,20396.777
2015-10-22 00:00:00+00:00,267.9,280.04,267.39,275.21,30166.426
2015-10-23 00:00:00+00:00,275.21,280.19,273.46,278.6,21572.268
2015-10-24 00:00:00+00:00,278.6,284.0,278.22,282.84,20586.336
2015-10-25 00:00:00+00:00,283.03,296.0,282.2,283.96,30003.586
2015-10-26 00:00:00+00:00,283.96,286.99,279.25,286.9,21266.473
2015-10-27 00:00:00+00:00,286.9,300.0,286.15,295.54,34002.15
2015-10-28 00:00:00+00:00,295.8,308.48,294.4,305.67,31263.172
2015-10-29 00:00:00+00:00,305.67,319.6,301.7,314.82,32258.307
2015-10-30 00:00:00+00:00,314.95,334.05,313.5,328.65,39364.027
2015-10-31 00:00:00+00:00,328.28,334.67,302.99,310.18,28765.178
2015-11-01 00:00:00+00:00,310.9,329.85,303.01,325.78,14281.546
2015-11-02 00:00:00+00:00,325.78,369.02,320.0,361.26,45146.504
2015-11-03 00:00:00+00:00,361.73,420.77,360.4,404.06,77212.78
2015-11-04 00:00:00+00:00,404.55,502.0,368.11,408.0,105959.26
2015-11-05 00:00:00+00:00,407.99,448.79,364.37,385.5,60174.715
2015-11-06 00:00:00+00:00,387.77,396.67,353.26,374.47,46952.54
2015-11-07 00:00:00+00:00,374.41,392.82,371.07,383.53,26348.596
2015-11-08 00:00:00+00:00,383.62,390.47,366.18,372.65,27445.02
2015-11-09 00:00:00+00:00,372.86,386.79,360.54,377.9,25934.973
2015-11-10 00:00:00+00:00,378.02,381.44,323.63,336.8,48890.598
2015-11-11 00:00:00+00:00,335.02,341.41,294.0,309.91,51510.31
2015-11-12 00:00:00+00:00,309.95,344.78,308.42,337.17,37744.445
2015-11-13 00:00:00+00:00,337.0,342.0,325.0,336.99,24663.473
2015-11-14 00:00:00+00:00,336.98,356.1,325.45,333.0,25628.379
2015-11-15 00:00:00+00:00,333.0,334.99,314.6,319.28,27643.56
2015-11-16 00:00:00+00:00,319.29,332.25,315.0,330.83,22243.822
2015-11-17 00:00:00+00:00,330.82,350.44,329.0,336.08,27718.676
2015-11-18 00:00:00+00:00,336.0,337.89,330.28,335.65,27252.1
2015-11-19 00:00:00+00:00,335.68,336.48,324.92,326.02,26919.518
2015-11-20 00:00:00+00:00,326.51,327.73,310.0,322.04,21303.64
2015-11-21 00:00:00+00:00,322.04,328.94,318.52,326.5,5129.353
2015-11-22 00:00:00+00:00,326.5,326.6,320.13,324.2,4062.2122
2015-11-23 00:00:00+00:00,324.2,326.09,320.39,323.48,5101.557
2015-11-24 00:00:00+00:00,323.48,323.5,317.0,319.7,8649.019
2015-11-25 00:00:00+00:00,319.7,330.84,316.0,328.9,12253.76
2015-11-26 00:00:00+00:00,328.9,369.7,328.53,353.21,35986.164
2015-11-27 00:00:00+00:00,353.9,364.8,347.84,357.14,13276.83
2015-11-28 00:00:00+00:00,357.42,359.44,350.41,356.95,6275.367
2015-11-29 00:00:00+00:00,356.78,373.15,354.45,371.48,7817.1836
2015-11-30 00:00:00+00:00,371.2,383.0,367.11,376.71,18097.953
2015-12-01 00:00:00+00:00,376.7,379.0,354.56,363.06,15410.282
2015-12-02 00:00:00+00:00,363.06,363.06,348.64,358.89,12343.408
2015-12-03 00:00:00+00:00,359.11,370.53,356.21,361.42,12190.884
2015-12-04 00:00:00+00:00,361.48,364.3,355.92,363.62,9989.28
2015-12-05 00:00:00+00:00,363.62,389.89,363.0,388.0,16784.127
2015-12-06 00:00:00+00:00,388.0,399.85,383.0,388.24,14679.436
2015-12-07 00:00:00+00:00,388.54,399.91,381.01,395.57,14949.586
2015-12-08 00:00:00+00:00,395.57,418.87,388.33,417.89,11455.141
2015-12-09 00:00:00+00:00,416.67,424.95,400.0,416.98,21039.908
2015-12-10 00:00:00+00:00,416.69,419.79,408.91,415.57,8463.885
2015-12-11 00:00:00+00:00,415.57,454.48,415.13,453.04,29020.2
2015-12-12 00:00:00+00:00,453.12,467.8,403.0,436.19,29770.283
2015-12-13 00:00:00+00:00,436.08,442.97,422.03,433.07,11725.667
2015-12-14 00:00:00+00:00,433.13,448.12,428.42,443.36,13386.744
2015-12-15 00:00:00+00:00,443.36,464.99,442.94,464.53,18096.389
2015-12-16 00:00:00+00:00,464.53,465.0,436.89,455.87,23377.123
2015-12-17 00:00:00+00:00,455.61,458.84,448.75,456.17,6598.641
2015-12-18 00:00:00+00:00,456.17,466.64,453.5,462.46,12914.736
2015-12-19 00:00:00+00:00,462.46,465.9,452.03,461.8,6839.1787
2015-12-20 00:00:00+00:00,461.89,462.0,433.83,442.54,16626.488
2015-12-21 00:00:00+00:00,442.54,450.0,425.52,438.07,18930.863
2015-12-22 00:00:00+00:00,438.14,443.58,433.06,435.48,8146.0176
2015-12-23 00:00:00+00:00,435.65,445.52,434.43,442.56,7100.2285
2015-12-24 00:00:00+00:00,442.56,459.54,442.56,455.0,10138.315
2015-12-25 00:00:00+00:00,455.0,458.33,448.0,455.51,2877.1672
2015-12-26 00:00:00+00:00,455.51,457.45,407.25,417.39,26672.121
2015-12-27 00:00:00+00:00,417.11,425.42,410.5,421.76,6968.5737
2015-12-28 00:00:00+00:00,421.78,429.86,417.01,421.46,7560.563
2015-12-29 00:00:00+00:00,420.81,433.33,418.55,431.82,10419.585
2015-12-30 00:00:00+00:00,431.7,434.97,420.75,425.84,7717.5103
2015-12-31 00:00:00+00:00,426.09,433.89,419.99,430.89,6634.8633
2016-01-01 00:00:00+00:00,430.89,436.0,427.2,433.82,3788.111
2016-01-02 00:00:00+00:00,434.87,435.99,430.42,433.55,2972.0635
2016-01-03 00:00:00+00:00,433.2,434.09,424.06,431.04,4571.097
2016-01-04 00:00:00+00:00,431.54,435.86,428.44,434.17,5717.5957
2016-01-05 00:00:00+00:00,433.31,435.39,429.5,432.43,3881.721
2016-01-06 00:00:00+00:00,432.45,432.67,426.54,429.56,5507.6143
2016-01-07 00:00:00+00:00,429.99,459.16,429.25,457.0,16833.42
2016-01-08 00:00:00+00:00,456.87,465.0,444.51,452.7,10258.995
2016-01-09 00:00:00+00:00,452.02,454.0,446.68,448.84,4396.045
2016-01-10 00:00:00+00:00,448.84,449.89,440.8,448.79,4078.6106
2016-01-11 00:00:00+00:00,448.2,451.13,438.0,448.0,7986.4585
2016-01-12 00:00:00+00:00,448.0,448.0,434.35,434.85,6930.8965
2016-01-13 00:00:00+00:00,434.78,438.35,424.5,432.64,10067.021
2016-01-14 00:00:00+00:00,432.64,434.0,427.0,429.55,4420.912
2016-01-15 00:00:00+00:00,429.55,429.8,360.0,360.0,37326.703
2016-01-16 00:00:00+00:00,360.62,392.07,352.0,386.91,25019.252
2016-01-17 00:00:00+00:00,387.8,391.14,376.0,380.16,8416.943
2016-01-18 00:00:00+00:00,380.16,388.5,373.63,385.49,7015.53
2016-01-19 00:00:00+00:00,385.49,386.92,375.59,376.76,7223.0034
2016-01-20 00:00:00+00:00,376.9,422.98,372.53,416.32,25172.918
2016-01-21 00:00:00+00:00,418.9,421.25,404.59,409.59,9414.557
2016-01-22 00:00:00+00:00,409.42,410.07,374.45,382.55,14744.758
2016-01-23 00:00:00+00:00,382.85,395.0,381.05,386.4,7664.891
2016-01-24 00:00:00+00:00,386.37,405.97,385.36,402.16,5448.845
2016-01-25 00:00:00+00:00,402.16,402.31,385.5,390.9,8040.831
2016-01-26 00:00:00+00:00,390.1,397.7,386.2,391.77,6589.1533
2016-01-27 00:00:00+00:00,391.77,397.0,390.31,394.95,4262.6294
2016-01-28 00:00:00+00:00,394.62,395.56,376.0,379.75,11414.046
2016-01-29 00:00:00+00:00,379.55,383.99,363.73,378.22,13544.1455
2016-01-30 00:00:00+00:00,378.12,380.42,372.95,375.64,2587.1072
2016-01-31 00:00:00+00:00,376.38,379.3,364.7,368.49,4166.666
2016-02-01 00:00:00+00:00,368.49,378.2,366.53,371.81,7255.1343
2016-02-02 00:00:00+00:00,371.81,375.0,369.73,373.05,5719.1133
2016-02-03 00:00:00+00:00,373.05,374.0,365.0,368.38,7107.7866
2016-02-04 00:00:00+00:00,368.4,391.88,367.95,387.82,13446.4795
2016-02-05 00:00:00+00:00,388.0,389.5,382.99,385.0,7372.614
2016-02-06 00:00:00+00:00,385.0,385.0,371.35,375.39,5735.6973
2016-02-07 00:00:00+00:00,375.39,380.0,373.04,375.0,2885.4824
2016-02-08 00:00:00+00:00,375.0,378.99,369.99,370.91,6943.1084
2016-02-09 00:00:00+00:00,370.95,377.0,369.12,373.2,5779.68
2016-02-10 00:00:00+00:00,373.2,383.85,372.12,379.66,10006.633
2016-02-11 00:00:00+00:00,379.34,380.5,373.54,377.98,7471.9604
2016-02-12 00:00:00+00:00,377.98,383.48,377.07,383.27,5996.0923
2016-02-13 00:00:00+00:00,383.0,390.99,382.0,390.99,7324.9663
2016-02-14 00:00:00+00:00,390.99,406.71,390.59,405.0,9758.393
2016-02-15 00:00:00+00:00,405.5,409.71,393.4,399.28,7906.6978
2016-02-16 00:00:00+00:00,399.28,407.8,396.0,407.51,8354.83
2016-02-17 00:00:00+00:00,407.51,421.11,404.0,415.54,11842.777
2016-02-18 00:00:00+00:00,415.59,424.9,413.4,421.18,8588.927
2016-02-19 00:00:00+00:00,421.15,422.0,414.0,419.54,5015.538
2016-02-20 00:00:00+00:00,419.98,443.96,419.5,434.63,11633.272
2016-02-21 00:00:00+00:00,434.63,447.99,426.0,438.5,10300.353
2016-02-22 00:00:00+00:00,438.33,439.5,431.15,438.27,5840.316
2016-02-23 00:00:00+00:00,438.26,440.0,414.0,419.1,10509.605
2016-02-24 00:00:00+00:00,419.1,424.28,409.07,423.78,7258.3574
2016-02-25 00:00:00+00:00,423.79,426.75,415.79,423.51,5597.9673
2016-02-26 00:00:00+00:00,423.38,432.0,418.01,432.0,4635.12
2016-02-27 00:00:00+00:00,432.0,435.0,428.22,431.07,4159.358
2016-02-28 00:00:00+00:00,431.07,435.0,422.29,431.68,3501.1895
2016-02-29 00:00:00+00:00,430.26,440.99,428.12,435.23,8463.349
2016-03-01 00:00:00+00:00,436.75,437.5,427.01,432.5,6941.516
2016-03-02 00:00:00+00:00,433.33,434.5,421.31,423.45,5788.384
2016-03-03 00:00:00+00:00,422.4,424.47,415.85,420.29,7483.647
2016-03-04 00:00:00+00:00,420.29,423.9,406.02,408.01,7789.004
2016-03-05 00:00:00+00:00,408.18,408.98,382.0,399.83,16436.404
2016-03-06 00:00:00+00:00,399.83,412.31,393.11,406.23,5692.0093
2016-03-07 00:00:00+00:00,406.15,414.96,403.03,414.01,5937.734
2016-03-08 00:00:00+00:00,413.96,414.99,408.46,411.75,5576.2583
2016-03-09 00:00:00+00:00,412.14,413.51,408.75,413.0,4876.789
2016-03-10 00:00:00+00:00,412.99,416.9,409.31,416.0,5255.2993
2016-03-11 00:00:00+00:00,416.0,421.91,415.11,419.13,5950.807
2016-03-12 00:00:00+00:00,419.14,420.93,406.59,410.9,4640.494
2016-03-13 00:00:00+00:00,409.95,417.0,409.67,413.04,3286.8691
2016-03-14 00:00:00+00:00,412.99,415.22,410.5,414.99,4470.7876
2016-03-15 00:00:00+00:00,414.83,417.43,412.15,415.85,4569.88
2016-03-16 00:00:00+00:00,415.84,416.82,413.15,416.57,4100.477
2016-03-17 00:00:00+00:00,416.52,419.0,415.66,418.49,3704.1606
2016-03-18 00:00:00+00:00,418.47,418.49,403.34,407.91,6391.2466
2016-03-19 00:00:00+00:00,407.5,409.95,404.1,409.04,2870.2473
2016-03-20 00:00:00+00:00,408.36,412.0,406.6,411.28,2579.0022
2016-03-21 00:00:00+00:00,410.62,411.96,406.5,411.67,3546.2788
2016-03-22 00:00:00+00:00,411.67,416.99,410.35,416.64,3950.1553
2016-03-23 00:00:00+00:00,416.39,419.0,413.44,417.62,4946.3965
2016-03-24 00:00:00+00:00,417.62,418.15,412.85,415.17,2776.609
2016-03-25 00:00:00+00:00,415.17,416.92,412.0,415.7,2588.7827
2016-03-26 00:00:00+00:00,415.6,416.99,414.0,416.96,1253.0063
2016-03-27 00:00:00+00:00,416.96,427.99,415.77,424.77,5038.8774
2016-03-28 00:00:00+00:00,424.62,424.77,420.32,422.87,3283.7915
2016-03-29 00:00:00+00:00,422.87,424.37,407.22,415.95,5955.001
2016-03-30 00:00:00+00:00,415.43,415.93,408.59,413.74,4824.8545
2016-03-31 00:00:00+00:00,413.68,416.99,411.4,414.66,3774.421
2016-04-01 00:00:00+00:00,414.66,416.99,413.42,416.31,3736.7727
2016-04-02 00:00:00+00:00,416.31,420.0,416.01,419.0,2072.9504
2016-04-03 00:00:00+00:00,419.35,419.48,416.1,419.11,1337.673
2016-04-04 00:00:00+00:00,418.51,419.85,416.0,418.75,3457.5627
2016-04-05 00:00:00+00:00,418.81,423.0,416.61,422.71,3956.5566
2016-04-06 00:00:00+00:00,422.71,422.9,420.0,421.03,2396.3484
2016-04-07 00:00:00+00:00,421.03,421.99,418.09,420.0,3216.8113
2016-04-08 00:00:00+00:00,419.99,423.99,416.26,417.75,4584.131
2016-04-09 00:00:00+00:00,417.75,418.71,412.0,418.24,3599.3967
2016-04-10 00:00:00+00:00,418.59,421.79,417.2,420.04,1779.8286
2016-04-11 00:00:00+00:00,420.4,422.8,418.0,422.69,3487.8325
2016-04-12 00:00:00+00:00,422.79,426.67,421.0,425.54,6082.734
2016-04-13 00:00:00+00:00,425.32,426.0,422.27,423.93,3917.0837
2016-04-14 00:00:00+00:00,423.6,425.35,420.57,424.86,3863.7996
2016-04-15 00:00:00+00:00,424.4,430.0,423.07,429.45,4406.2407
2016-04-16 00:00:00+00:00,429.45,432.87,427.12,430.69,1848.3027
2016-04-17 00:00:00+00:00,430.18,430.91,424.24,427.42,1502.823
2016-04-18 00:00:00+00:00,427.15,430.01,425.8,428.14,3180.4307
2016-04-19 00:00:00+00:00,428.14,436.82,426.24,435.63,3798.2375
2016-04-20 00:00:00+00:00,435.7,444.0,433.11,442.13,7602.6465
2016-04-21 00:00:00+00:00,441.99,452.11,440.0,451.0,5421.1562
2016-04-22 00:00:00+00:00,451.0,451.36,442.96,447.7,5494.441
2016-04-23 00:00:00+00:00,447.16,452.19,444.46,451.92,2250.0352
2016-04-24 00:00:00+00:00,451.92,470.02,447.06,460.02,7103.3125
2016-04-25 00:00:00+00:00,460.03,469.47,455.13,462.33,5607.1885
2016-04-26 00:00:00+00:00,462.29,469.87,462.13,467.42,4629.1855
2016-04-27 00:00:00+00:00,467.39,469.03,443.2,445.38,7084.2397
2016-04-28 00:00:00+00:00,445.39,451.0,435.0,449.14,8736.258
2016-04-29 00:00:00+00:00,449.94,456.53,445.62,456.53,2982.5408
2016-04-30 00:00:00+00:00,456.53,456.9,446.5,448.37,2419.5825
2016-05-01 00:00:00+00:00,448.37,453.78,446.84,453.0,1190.6981
2016-05-02 00:00:00+00:00,453.0,453.8,438.59,444.06,6362.9316
2016-05-03 00:00:00+00:00,444.06,452.0,440.78,450.61,5576.9146
2016-05-04 00:00:00+00:00,451.18,451.68,444.15,446.63,3327.6072
2016-05-05 00:00:00+00:00,447.36,450.0,445.11,448.5,2569.5933
2016-05-06 00:00:00+00:00,448.5,463.97,447.03,458.48,5540.1387
2016-05-07 00:00:00+00:00,458.98,461.0,455.95,458.07,2004.6368
2016-05-08 00:00:00+00:00,458.97,459.69,455.95,458.21,1353.2322
2016-05-09 00:00:00+00:00,457.75,464.79,455.62,460.82,3536.504
2016-05-10 00:00:00+00:00,461.49,463.0,447.38,451.62,5746.1577
2016-05-11 00:00:00+00:00,450.88,457.99,450.32,452.91,3352.5806
2016-05-12 00:00:00+00:00,452.95,455.25,448.88,455.2,3453.4924
2016-05-13 00:00:00+00:00,455.2,456.82,452.04,455.91,2822.6506
2016-05-14 00:00:00+00:00,456.42,457.25,453.51,455.57,1377.7184
2016-05-15 00:00:00+00:00,455.57,458.08,454.72,457.56,1612.7106
2016-05-16 00:00:00+00:00,457.56,458.0,451.11,454.0,3248.1921
2016-05-17 00:00:00+00:00,454.0,456.09,452.0,453.08,3430.4795
2016-05-18 00:00:00+00:00,452.96,455.68,452.0,452.92,2608.2317
2016-05-19 00:00:00+00:00,452.47,453.85,435.03,436.3,5961.115
2016-05-20 00:00:00+00:00,436.3,444.41,435.06,442.72,3448.2273
2016-05-21 00:00:00+00:00,442.84,443.98,435.28,443.31,1916.4348
2016-05-22 00:00:00+00:00,442.72,443.47,435.0,438.8,2350.6821
2016-05-23 00:00:00+00:00,438.72,442.99,436.4,442.99,2625.6006
2016-05-24 00:00:00+00:00,442.63,446.37,441.0,443.97,3072.7786
2016-05-25 00:00:00+00:00,443.97,449.6,443.97,448.7,3663.316
2016-05-26 00:00:00+00:00,448.7,452.98,446.8,452.07,3768.4983
2016-05-27 00:00:00+00:00,452.07,478.16,452.07,472.05,12234.203
2016-05-28 00:00:00+00:00,470.58,529.08,468.0,519.41,12568.031
2016-05-29 00:00:00+00:00,522.13,540.0,485.0,517.84,8215.675
2016-05-30 00:00:00+00:00,517.6,535.0,510.01,527.64,6074.775
2016-05-31 00:00:00+00:00,527.64,548.5,515.0,531.84,12071.182
2016-06-01 00:00:00+00:00,531.84,542.87,525.49,536.95,5456.943
2016-06-02 00:00:00+00:00,536.95,540.0,529.13,538.0,3939.3513
2016-06-03 00:00:00+00:00,538.0,578.37,535.74,569.94,8801.774
2016-06-04 00:00:00+00:00,569.94,588.71,558.54,573.8,6216.627
2016-06-05 00:00:00+00:00,573.5,582.0,566.0,573.91,5415.9346
2016-06-06 00:00:00+00:00,573.91,586.02,573.8,584.5,4465.516
2016-06-07 00:00:00+00:00,584.12,594.44,563.0,577.54,6705.9185
2016-06-08 00:00:00+00:00,577.54,584.25,571.86,583.03,3259.1511
2016-06-09 00:00:00+00:00,583.01,583.1,572.97,575.01,3770.7183
2016-06-10 00:00:00+00:00,575.01,580.0,572.0,578.01,3458.565
2016-06-11 00:00:00+00:00,578.01,611.0,575.93,610.0,4000.0713
2016-06-12 00:00:00+00:00,610.0,683.02,603.21,672.13,14138.307
2016-06-13 00:00:00+00:00,672.13,725.0,655.02,704.49,17280.604
2016-06-14 00:00:00+00:00,703.81,704.5,655.0,685.25,10633.44
2016-06-15 00:00:00+00:00,685.25,695.77,672.12,695.0,5783.924
2016-06-16 00:00:00+00:00,695.0,773.07,689.8,766.62,17946.826
2016-06-17 00:00:00+00:00,767.37,778.7,706.37,745.22,14687.2705
2016-06-18 00:00:00+00:00,745.0,778.85,723.02,754.83,5903.4717
2016-06-19 00:00:00+00:00,754.83,764.93,740.11,761.44,2617.2793
2016-06-20 00:00:00+00:00,759.12,763.99,723.4,730.85,7975.971
2016-06-21 00:00:00+00:00,725.0,728.18,625.0,667.54,33056.29
2016-06-22 00:00:00+00:00,665.36,677.63,588.03,601.3,16456.408
2016-06-23 00:00:00+00:00,600.51,632.67,540.17,624.91,24329.08
2016-06-24 00:00:00+00:00,622.59,683.88,620.82,661.71,16163.802
2016-06-25 00:00:00+00:00,660.76,684.45,639.4,659.86,6576.672
2016-06-26 00:00:00+00:00,658.8,662.9,608.64,630.16,5838.149
2016-06-27 00:00:00+00:00,630.16,658.0,618.03,657.5,8668.593
2016-06-28 00:00:00+00:00,657.49,665.51,635.5,646.08,5478.357
2016-06-29 00:00:00+00:00,644.33,645.0,621.09,634.11,9132.479
2016-06-30 00:00:00+00:00,635.91,671.22,628.06,667.95,7479.79
2016-07-01 00:00:00+00:00,666.33,684.1,659.71,674.86,6432.9194
2016-07-02 00:00:00+00:00,674.86,704.93,672.74,702.48,5506.043
2016-07-03 00:00:00+00:00,702.48,704.99,646.29,658.27,7320.32
2016-07-04 00:00:00+00:00,658.27,682.35,640.1,680.35,4290.1323
2016-07-05 00:00:00+00:00,678.74,682.36,661.57,668.94,3112.727
2016-07-06 00:00:00+00:00,668.94,679.0,662.13,674.7,3590.611
2016-07-07 00:00:00+00:00,674.7,678.43,605.5,638.19,12686.978
2016-07-08 00:00:00+00:00,638.89,665.99,635.0,663.0,6579.3853
2016-07-09 00:00:00+00:00,663.0,663.99,626.0,647.78,6180.1504
2016-07-10 00:00:00+00:00,647.78,650.88,636.8,648.76,2313.3494
2016-07-11 00:00:00+00:00,648.77,659.6,639.31,649.32,2978.137
2016-07-12 00:00:00+00:00,649.32,678.0,646.05,663.52,4288.076
2016-07-13 00:00:00+00:00,663.52,669.97,651.03,655.06,6573.202
2016-07-14 00:00:00+00:00,652.24,664.93,650.01,659.1,2392.4346
2016-07-15 00:00:00+00:00,660.3,670.01,658.41,664.6,3228.3428
2016-07-16 00:00:00+00:00,664.6,666.67,655.0,662.45,1682.6765
2016-07-17 00:00:00+00:00,662.45,684.19,661.35,679.54,3437.77
2016-07-18 00:00:00+00:00,679.54,682.21,666.12,672.1,3012.2063
2016-07-19 00:00:00+00:00,672.1,675.81,666.0,673.48,1904.4344
2016-07-20 00:00:00+00:00,674.8,675.0,660.0,667.03,3418.625
2016-07-21 00:00:00+00:00,667.01,667.1,660.1,663.99,2503.0427
2016-07-22 00:00:00+00:00,663.25,666.3,645.0,649.95,5191.555
2016-07-23 00:00:00+00:00,647.88,656.77,646.0,655.52,1284.5222
2016-07-24 00:00:00+00:00,655.52,665.0,651.99,661.47,1427.9799
2016-07-25 00:00:00+00:00,661.47,661.99,652.28,654.96,2441.944
2016-07-26 00:00:00+00:00,654.96,656.94,645.01,651.24,3552.829
2016-07-27 00:00:00+00:00,651.24,659.98,646.31,653.48,2664.943
2016-07-28 00:00:00+00:00,655.13,657.89,652.41,653.07,1909.2366
2016-07-29 00:00:00+00:00,654.84,657.48,653.0,654.61,1297.1482
2016-07-30 00:00:00+00:00,654.88,657.5,652.19,654.67,719.15985
2016-07-31 00:00:00+00:00,654.67,654.71,614.97,623.83,4933.6196
2016-08-01 00:00:00+00:00,623.83,630.0,603.63,606.35,5512.8213
2016-08-02 00:00:00+00:00,606.84,613.03,465.28,540.0,22142.668
2016-08-03 00:00:00+00:00,540.0,572.34,521.0,563.42,15453.586
2016-08-04 00:00:00+00:00,563.42,583.97,552.0,576.13,8499.837
2016-08-05 00:00:00+00:00,578.14,578.2,562.0,572.5,4811.236
2016-08-06 00:00:00+00:00,572.98,592.0,562.56,589.48,6021.3086
2016-08-07 00:00:00+00:00,589.47,598.82,582.12,592.47,2910.3098
2016-08-08 00:00:00+00:00,592.47,594.0,583.58,591.88,3181.8525
2016-08-09 00:00:00+00:00,591.88,591.88,579.43,582.75,3174.706
2016-08-10 00:00:00+00:00,582.71,603.0,580.01,590.27,5217.7593
2016-08-11 00:00:00+00:00,590.46,597.78,585.22,585.22,2543.684
2016-08-12 00:00:00+00:00,585.25,591.19,580.47,585.91,2177.3787
2016-08-13 00:00:00+00:00,585.34,589.98,581.71,583.52,962.3023
2016-08-14 00:00:00+00:00,583.54,583.92,556.24,568.76,4812.8887
2016-08-15 00:00:00+00:00,568.76,573.69,554.9,565.55,4633.7456
2016-08-16 00:00:00+00:00,564.2,579.8,563.0,574.99,4837.1885
2016-08-17 00:00:00+00:00,574.95,577.86,566.02,570.91,4108.5977
2016-08-18 00:00:00+00:00,570.91,575.87,568.79,571.49,3967.2842
2016-08-19 00:00:00+00:00,571.49,574.86,552.3,572.91,4652.0054
2016-08-20 00:00:00+00:00,572.98,581.02,568.52,577.88,2431.7869
2016-08-21 00:00:00+00:00,577.7,583.99,576.01,577.55,1139.7622
2016-08-22 00:00:00+00:00,577.55,585.95,572.5,582.78,5086.0625
2016-08-23 00:00:00+00:00,582.78,584.99,576.0,580.23,4182.046
2016-08-24 00:00:00+00:00,580.27,582.1,575.4,577.58,2991.0146
2016-08-25 00:00:00+00:00,577.65,578.75,571.16,575.71,4231.407
2016-08-26 00:00:00+00:00,575.75,582.46,574.1,578.78,3300.2976
2016-08-27 00:00:00+00:00,577.92,579.09,564.81,568.31,2702.5803
2016-08-28 00:00:00+00:00,567.51,573.34,566.8,573.2,1034.0767
2016-08-29 00:00:00+00:00,573.2,575.0,568.6,571.5,2333.0088
2016-08-30 00:00:00+00:00,570.74,576.5,568.55,575.91,4439.354
2016-08-31 00:00:00+00:00,575.91,576.49,568.4,570.75,3917.8252
2016-09-01 00:00:00+00:00,570.75,572.86,566.86,571.05,2833.2104
2016-09-02 00:00:00+00:00,571.05,574.2,567.03,572.0,2996.6548
2016-09-03 00:00:00+00:00,572.0,598.64,569.01,595.01,4645.7773
2016-09-04 00:00:00+00:00,596.25,609.05,590.88,603.72,3951.1987
2016-09-05 00:00:00+00:00,605.72,607.31,592.46,603.48,3838.1755
2016-09-06 00:00:00+00:00,604.98,609.74,601.0,608.16,4038.3376
2016-09-07 00:00:00+00:00,608.93,615.92,604.7,615.16,4502.7104
2016-09-08 00:00:00+00:00,615.16,628.98,611.66,625.67,4354.9526
2016-09-09 00:00:00+00:00,625.67,627.49,612.93,622.01,3274.0757
2016-09-10 00:00:00+00:00,622.01,625.0,618.67,621.65,1527.8375
2016-09-11 00:00:00+00:00,621.65,628.99,594.63,606.32,5336.9517
2016-09-12 00:00:00+00:00,604.08,609.15,602.0,608.04,3512.2825
2016-09-13 00:00:00+00:00,606.4,609.61,603.28,607.46,3471.527
2016-09-14 00:00:00+00:00,607.45,610.69,605.98,608.5,2895.4604
2016-09-15 00:00:00+00:00,608.5,608.99,602.3,606.71,3085.667
2016-09-16 00:00:00+00:00,606.65,608.99,603.5,605.69,2612.8801
2016-09-17 00:00:00+00:00,605.69,607.59,601.1,604.1,1117.487
2016-09-18 00:00:00+00:00,602.93,609.06,601.97,608.0,1307.055
2016-09-19 00:00:00+00:00,608.0,609.5,603.0,608.72,2476.5903
2016-09-20 00:00:00+00:00,608.72,608.88,600.94,600.94,2680.4475
2016-09-21 00:00:00+00:00,600.85,601.01,592.1,595.46,3671.192
2016-09-22 00:00:00+00:00,595.46,596.42,592.5,595.41,2421.4548
2016-09-23 00:00:00+00:00,595.42,602.9,593.0,601.42,4007.8828
2016-09-24 00:00:00+00:00,600.47,603.59,597.76,599.33,1140.233
2016-09-25 00:00:00+00:00,600.05,601.99,596.0,598.98,1086.8358
2016-09-26 00:00:00+00:00,598.95,607.27,596.1,606.47,4056.3938
2016-09-27 00:00:00+00:00,606.7,608.37,600.02,604.26,3055.8164
2016-09-28 00:00:00+00:00,605.07,605.3,601.41,603.95,2202.7495
2016-09-29 00:00:00+00:00,603.95,605.99,601.0,605.6,2718.0193
2016-09-30 00:00:00+00:00,605.59,608.39,603.15,608.23,2633.4448
2016-10-01 00:00:00+00:00,608.23,614.28,608.23,612.98,1458.8438
2016-10-02 00:00:00+00:00,612.98,613.0,605.0,608.6,1407.0593
2016-10-03 00:00:00+00:00,608.6,612.98,606.6,611.16,2245.8923
2016-10-04 00:00:00+00:00,612.84,612.84,604.99,607.19,2955.4238
2016-10-05 00:00:00+00:00,607.19,612.0,605.76,608.49,2410.926
2016-10-06 00:00:00+00:00,608.49,610.5,607.09,610.25,2039.8203
2016-10-07 00:00:00+00:00,610.25,616.34,607.52,614.88,4033.8218
2016-10-08 00:00:00+00:00,614.88,616.99,612.5,614.34,888.66003
2016-10-09 00:00:00+00:00,614.34,614.98,610.0,613.06,1174.2611
2016-10-10 00:00:00+00:00,613.06,616.47,612.12,616.0,2295.523
2016-10-11 00:00:00+00:00,616.37,639.0,614.56,639.0,8087.3193
2016-10-12 00:00:00+00:00,638.3,640.0,628.76,634.5,2658.5278
2016-10-13 00:00:00+00:00,634.5,636.0,630.0,634.02,2381.5007
2016-10-14 00:00:00+00:00,635.16,639.99,630.45,638.2,3154.8235
2016-10-15 00:00:00+00:00,638.2,642.0,635.25,635.96,1421.8536
2016-10-16 00:00:00+00:00,635.96,641.4,635.18,638.97,1289.5372
2016-10-17 00:00:00+00:00,638.97,639.99,632.1,636.91,3958.0366
2016-10-18 00:00:00+00:00,636.91,637.8,631.52,635.95,2731.1763
2016-10-19 00:00:00+00:00,635.95,638.04,624.13,627.98,4472.9
2016-10-20 00:00:00+00:00,627.84,630.22,625.0,628.89,2040.0099
2016-10-21 00:00:00+00:00,628.05,632.36,627.5,629.0,3050.5093
2016-10-22 00:00:00+00:00,628.99,656.0,628.57,654.52,4351.6196
2016-10-23 00:00:00+00:00,654.52,656.0,647.51,648.74,2535.0103
2016-10-24 00:00:00+00:00,648.74,652.25,640.0,648.6,4679.0015
2016-10-25 00:00:00+00:00,649.03,657.58,643.0,651.97,6106.916
2016-10-26 00:00:00+00:00,651.97,677.0,651.69,675.11,6716.2314
2016-10-27 00:00:00+00:00,675.11,685.89,665.59,684.71,4545.436
2016-10-28 00:00:00+00:00,684.71,687.23,677.05,685.91,3574.0754
2016-10-29 00:00:00+00:00,685.91,717.99,684.89,711.13,4034.884
2016-10-30 00:00:00+00:00,711.1,711.78,691.49,697.23,3752.5254
2016-10-31 00:00:00+00:00,697.23,706.97,683.6,697.01,4655.8926
2016-11-01 00:00:00+00:00,697.04,737.0,695.38,726.6,6570.019
2016-11-02 00:00:00+00:00,726.6,742.0,717.32,742.0,4320.5317
2016-11-03 00:00:00+00:00,742.0,745.19,670.32,685.22,12102.243
2016-11-04 00:00:00+00:00,684.84,707.67,681.0,702.7,5345.679
2016-11-05 00:00:00+00:00,702.95,707.34,694.71,703.46,1918.3115
2016-11-06 00:00:00+00:00,703.33,714.36,697.92,709.93,2292.8635
2016-11-07 00:00:00+00:00,709.92,709.92,698.26,702.86,3020.8723
2016-11-08 00:00:00+00:00,702.86,712.92,701.02,709.31,5526.4746
2016-11-09 00:00:00+00:00,708.17,740.86,705.45,721.5,9726.251
2016-11-10 00:00:00+00:00,721.5,722.0,707.0,714.47,4996.4526
2016-11-11 00:00:00+00:00,714.48,720.94,712.24,716.39,3328.3308
2016-11-12 00:00:00+00:00,716.39,716.39,701.0,702.28,2811.551
2016-11-13 00:00:00+00:00,701.17,702.89,683.23,700.38,6023.549
2016-11-14 00:00:00+00:00,700.38,705.89,697.14,703.82,7566.5806
2016-11-15 00:00:00+00:00,704.98,716.54,703.05,711.06,5668.94
2016-11-16 00:00:00+00:00,711.07,742.87,708.44,739.71,11585.046
2016-11-17 00:00:00+00:00,739.71,749.98,732.22,735.24,6681.4316
2016-11-18 00:00:00+00:00,736.0,752.95,731.31,748.98,4271.0415
2016-11-19 00:00:00+00:00,748.98,755.07,742.63,750.75,1965.4365
2016-11-20 00:00:00+00:00,750.75,753.82,714.0,727.09,5525.9595
2016-11-21 00:00:00+00:00,727.09,739.2,727.03,736.76,4017.5776
2016-11-22 00:00:00+00:00,736.76,750.0,730.27,749.22,5034.704
2016-11-23 00:00:00+00:00,749.13,749.98,729.92,740.18,4462.779
2016-11-24 00:00:00+00:00,740.18,741.15,729.0,735.63,4039.8154
2016-11-25 00:00:00+00:00,735.63,737.07,728.0,737.07,3356.089
2016-11-26 00:00:00+00:00,736.96,737.56,722.3,729.91,2314.5767
2016-11-27 00:00:00+00:00,729.91,732.0,722.44,727.32,3447.8694
2016-11-28 00:00:00+00:00,727.32,732.44,724.1,729.54,4741.115
2016-11-29 00:00:00+00:00,729.54,733.29,721.0,730.76,5406.9004
2016-11-30 00:00:00+00:00,730.76,744.49,727.0,742.06,6249.6187
2016-12-01 00:00:00+00:00,742.06,754.98,740.18,751.54,6124.502
2016-12-02 00:00:00+00:00,751.55,778.07,750.77,769.99,8098.575
2016-12-03 00:00:00+00:00,770.91,770.99,752.41,760.75,2772.6614
2016-12-04 00:00:00+00:00,762.97,762.97,752.41,762.0,3215.6848
2016-12-05 00:00:00+00:00,762.0,762.09,743.0,750.24,5567.773
2016-12-06 00:00:00+00:00,749.51,759.9,747.99,758.98,6763.7383
2016-12-07 00:00:00+00:00,758.97,769.61,751.78,763.99,4809.708
2016-12-08 00:00:00+00:00,764.05,772.01,762.29,766.84,4892.9395
2016-12-09 00:00:00+00:00,766.84,773.99,766.29,769.57,2868.4165
2016-12-10 00:00:00+00:00,769.57,774.12,768.11,772.28,2200.708
2016-12-11 00:00:00+00:00,772.28,772.28,764.01,768.97,1421.1304
2016-12-12 00:00:00+00:00,768.97,779.0,768.96,776.9,2805.1914
2016-12-13 00:00:00+00:00,777.0,793.27,765.1,775.35,4918.814
2016-12-14 00:00:00+00:00,775.35,781.0,770.74,777.09,2333.3804
2016-12-15 00:00:00+00:00,777.03,779.08,771.0,775.89,3039.8223
2016-12-16 00:00:00+00:00,776.3,782.46,771.24,781.32,3475.771
2016-12-17 00:00:00+00:00,781.32,790.88,780.36,788.52,2389.762
2016-12-18 00:00:00+00:00,788.52,790.99,780.0,788.67,2519.2437
2016-12-19 00:00:00+00:00,788.34,794.39,787.01,791.0,3917.8704
2016-12-20 00:00:00+00:00,791.0,803.0,787.1,798.65,4118.6934
2016-12-21 00:00:00+00:00,798.83,834.97,796.82,832.75,9391.365
2016-12-22 00:00:00+00:00,832.75,875.0,827.29,859.96,12070.354
2016-12-23 00:00:00+00:00,858.94,920.0,858.93,914.0,16526.629
2016-12-24 00:00:00+00:00,914.48,918.5,878.89,892.61,6026.4546
2016-12-25 00:00:00+00:00,892.61,894.97,859.0,890.67,4658.2363
2016-12-26 00:00:00+00:00,890.65,905.18,888.0,897.1,3467.5461
2016-12-27 00:00:00+00:00,897.82,936.42,891.0,930.34,7225.773
2016-12-28 00:00:00+00:00,930.34,976.48,929.49,976.47,12285.111
2016-12-29 00:00:00+00:00,976.48,980.74,950.0,969.58,7858.457
2016-12-30 00:00:00+00:00,969.99,970.0,931.0,959.54,10755.036
2016-12-31 00:00:00+00:00,959.54,966.37,944.11,966.3,4162.9214
2017-01-01 00:00:00+00:00,966.3,1005.0,960.53,997.75,6850.5933
2017-01-02 00:00:00+00:00,997.75,1032.0,990.01,1012.54,8167.381
2017-01-03 00:00:00+00:00,1011.44,1039.0,999.99,1035.24,9089.658
2017-01-04 00:00:00+00:00,1035.51,1139.89,1028.56,1114.92,21562.457
2017-01-05 00:00:00+00:00,1114.38,1136.72,885.41,1004.74,36018.86
2017-01-06 00:00:00+00:00,1004.73,1026.99,871.0,893.89,27916.703
2017-01-07 00:00:00+00:00,894.02,907.05,812.28,906.2,20401.113
2017-01-08 00:00:00+00:00,906.2,941.81,881.3,909.75,8937.493
2017-01-09 00:00:00+00:00,909.8,912.87,875.0,896.23,8716.183
2017-01-10 00:00:00+00:00,896.09,912.47,889.41,905.05,8535.521
2017-01-11 00:00:00+00:00,905.24,918.4,755.0,778.62,35893.77
2017-01-12 00:00:00+00:00,778.7,832.99,751.34,807.47,17400.14
2017-01-13 00:00:00+00:00,807.51,831.4,775.0,825.86,11409.5205
2017-01-14 00:00:00+00:00,825.98,837.76,810.0,818.27,6614.7188
2017-01-15 00:00:00+00:00,819.52,823.45,808.0,821.86,4231.464
2017-01-16 00:00:00+00:00,821.86,835.0,818.09,831.81,6166.044
2017-01-17 00:00:00+00:00,831.76,908.5,827.0,905.99,12264.169
2017-01-18 00:00:00+00:00,905.95,915.99,851.74,887.7,11181.898
2017-01-19 00:00:00+00:00,887.69,910.0,878.89,901.01,11094.604
2017-01-20 00:00:00+00:00,902.23,902.43,880.0,895.8,6618.628
2017-01-21 00:00:00+00:00,895.81,928.0,895.0,921.98,5865.632
2017-01-22 00:00:00+00:00,921.98,937.74,886.76,923.76,7166.6655
2017-01-23 00:00:00+00:00,923.75,927.57,913.21,913.52,3514.7415
2017-01-24 00:00:00+00:00,913.15,923.0,881.48,885.47,9405.047
2017-01-25 00:00:00+00:00,885.47,904.01,884.5,893.43,5291.5547
2017-01-26 00:00:00+00:00,893.25,919.49,892.86,914.83,5164.897
2017-01-27 00:00:00+00:00,914.95,924.88,908.01,918.02,4830.535
2017-01-28 00:00:00+00:00,918.02,920.99,913.08,918.6,1175.8635
2017-01-29 00:00:00+00:00,918.6,919.99,910.45,912.01,1349.0148
2017-01-30 00:00:00+00:00,913.12,923.0,910.0,919.99,3121.1875
2017-01-31 00:00:00+00:00,919.99,970.0,917.5,963.99,9507.102
2017-02-01 00:00:00+00:00,963.99,986.96,962.0,983.67,6954.3994
2017-02-02 00:00:00+00:00,983.79,1011.65,973.12,1009.17,8269.681
2017-02-03 00:00:00+00:00,1009.15,1022.64,987.01,1016.99,10928.024
2017-02-04 00:00:00+00:00,1015.06,1044.23,1004.0,1033.18,5752.287
2017-02-05 00:00:00+00:00,1033.72,1034.6,1004.7,1011.07,4348.1704
2017-02-06 00:00:00+00:00,1010.03,1031.94,1005.1,1023.99,5080.848
2017-02-07 00:00:00+00:00,1024.0,1056.25,1021.3,1052.48,5372.133
2017-02-08 00:00:00+00:00,1052.48,1070.0,1025.0,1050.4,9633.265
2017-02-09 00:00:00+00:00,1051.73,1074.69,913.73,986.0,25150.07
2017-02-10 00:00:00+00:00,985.71,1010.68,950.0,996.08,10731.29
2017-02-11 00:00:00+00:00,995.49,1020.0,987.62,1012.4,4472.5127
2017-02-12 00:00:00+00:00,1011.01,1011.97,991.98,1000.73,2683.9973
2017-02-13 00:00:00+00:00,1000.73,1007.89,975.1,1000.79,4547.2603
2017-02-14 00:00:00+00:00,1000.74,1019.0,987.97,1008.88,6761.108
2017-02-15 00:00:00+00:00,1008.88,1013.8,1000.97,1011.53,3095.66
2017-02-16 00:00:00+00:00,1011.53,1043.21,1010.75,1032.7,5996.104
2017-02-17 00:00:00+00:00,1032.91,1064.99,1031.98,1055.46,6085.0225
2017-02-18 00:00:00+00:00,1055.75,1068.99,1046.14,1056.4,4474.949
2017-02-19 00:00:00+00:00,1056.4,1061.9,1039.07,1051.8,2270.8499
2017-02-20 00:00:00+00:00,1051.8,1089.99,1044.39,1084.0,3664.3738
2017-02-21 00:00:00+00:00,1084.0,1126.86,1077.0,1124.62,8395.474
2017-02-22 00:00:00+00:00,1124.62,1143.0,1098.16,1130.01,11673.089
2017-02-23 00:00:00+00:00,1130.02,1193.92,1120.73,1188.11,11753.238
2017-02-24 00:00:00+00:00,1183.53,1220.0,1091.1,1180.14,19598.23
2017-02-25 00:00:00+00:00,1180.05,1184.73,1127.0,1152.2,6238.4375
2017-02-26 00:00:00+00:00,1152.11,1184.97,1133.0,1179.05,3536.4863
2017-02-27 00:00:00+00:00,1180.46,1197.99,1169.0,1194.64,4640.7734
2017-02-28 00:00:00+00:00,1194.64,1209.99,1176.27,1191.21,7562.474
2017-03-01 00:00:00+00:00,1191.16,1231.0,1188.3,1226.39,6013.066
2017-03-02 00:00:00+00:00,1228.0,1283.25,1215.0,1257.6,7762.7324
2017-03-03 00:00:00+00:00,1257.6,1298.0,1255.0,1285.33,7545.477
2017-03-04 00:00:00+00:00,1285.33,1289.55,1230.0,1260.0,4951.232
2017-03-05 00:00:00+00:00,1260.0,1275.0,1240.0,1273.0,3026.0173
2017-03-06 00:00:00+00:00,1269.98,1285.0,1251.0,1278.49,4249.648
2017-03-07 00:00:00+00:00,1278.49,1281.62,1175.97,1233.05,14450.038
2017-03-08 00:00:00+00:00,1233.86,1245.49,1145.5,1150.05,13399.438
2017-03-09 00:00:00+00:00,1149.34,1208.0,1135.01,1190.89,7654.7383
2017-03-10 00:00:00+00:00,1190.99,1350.0,975.0,1116.97,33467.945
2017-03-11 00:00:00+00:00,1111.55,1198.0,1106.51,1176.55,7346.787
2017-03-12 00:00:00+00:00,1176.58,1241.85,1170.9,1226.62,5793.9087
2017-03-13 00:00:00+00:00,1226.42,1249.02,1215.43,1242.46,5637.363
2017-03-14 00:00:00+00:00,1242.46,1260.0,1226.5,1245.86,5745.4966
2017-03-15 00:00:00+00:00,1245.82,1260.0,1238.32,1257.32,3930.5002
2017-03-16 00:00:00+00:00,1258.75,1258.96,1130.0,1172.62,15246.553
2017-03-17 00:00:00+00:00,1172.0,1173.23,1063.0,1071.02,16704.574
2017-03-18 00:00:00+00:00,1068.16,1099.0,944.36,969.4,21292.604
2017-03-19 00:00:00+00:00,969.4,1063.7,969.4,1017.97,12201.861
2017-03-20 00:00:00+00:00,1012.88,1053.0,1010.01,1035.96,7497.911
2017-03-21 00:00:00+00:00,1036.23,1117.9,1034.92,1114.39,11125.495
2017-03-22 00:00:00+00:00,1114.39,1114.39,988.0,1037.56,14521.256
2017-03-23 00:00:00+00:00,1037.6,1054.4,1010.69,1029.65,5916.9956
2017-03-24 00:00:00+00:00,1030.84,1032.0,920.0,929.06,16072.417
2017-03-25 00:00:00+00:00,928.1,963.36,891.33,956.02,13507.436
2017-03-26 00:00:00+00:00,956.02,997.0,937.52,960.0,9012.918
2017-03-27 00:00:00+00:00,959.08,1043.0,952.95,1039.92,8687.087
2017-03-28 00:00:00+00:00,1039.09,1068.26,1014.9,1043.99,9115.518
2017-03-29 00:00:00+00:00,1042.83,1059.43,1008.16,1035.96,9379.72
2017-03-30 00:00:00+00:00,1037.29,1050.17,1017.14,1033.7,8645.378
2017-03-31 00:00:00+00:00,1033.7,1081.0,1031.43,1070.31,12058.788
2017-04-01 00:00:00+00:00,1071.34,1097.0,1061.64,1083.94,5209.1284
2017-04-02 00:00:00+00:00,1083.95,1100.0,1066.49,1078.01,7639.8965
2017-04-03 00:00:00+00:00,1076.59,1152.0,1076.19,1144.77,11076.862
2017-04-04 00:00:00+00:00,1146.42,1162.93,1118.85,1143.0,7420.866
2017-04-05 00:00:00+00:00,1143.0,1145.0,1111.0,1134.58,5588.9766
2017-04-06 00:00:00+00:00,1134.86,1201.37,1134.36,1190.85,9134.296
2017-04-07 00:00:00+00:00,1190.72,1202.0,1176.0,1190.66,5450.2725
2017-04-08 00:00:00+00:00,1190.66,1197.3,1166.66,1184.03,2720.7983
2017-04-09 00:00:00+00:00,1184.03,1216.87,1173.98,1206.2,4817.4243
2017-04-10 00:00:00+00:00,1205.2,1219.71,1195.0,1209.25,3656.8164
2017-04-11 00:00:00+00:00,1209.99,1229.0,1198.02,1218.99,3487.7532
2017-04-12 00:00:00+00:00,1218.99,1224.57,1208.0,1212.17,3475.1946
2017-04-13 00:00:00+00:00,1212.16,1219.45,1141.0,1172.91,7135.3027
2017-04-14 00:00:00+00:00,1172.56,1193.0,1142.0,1170.34,8982.768
2017-04-15 00:00:00+00:00,1169.53,1192.5,1165.0,1173.45,1804.4508
2017-04-16 00:00:00+00:00,1171.0,1179.3,1150.0,1162.31,2663.9902
2017-04-17 00:00:00+00:00,1162.31,1192.5,1161.0,1176.54,3568.8252
2017-04-18 00:00:00+00:00,1176.59,1210.0,1175.95,1202.58,5514.1826
2017-04-19 00:00:00+00:00,1202.59,1209.99,1190.0,1203.98,6046.5195
2017-04-20 00:00:00+00:00,1203.98,1243.88,1201.66,1234.19,5972.9355
2017-04-21 00:00:00+00:00,1234.93,1252.32,1231.65,1243.61,5023.0386
2017-04-22 00:00:00+00:00,1243.6,1247.15,1199.0,1233.2,4173.283
2017-04-23 00:00:00+00:00,1231.85,1248.99,1223.42,1241.99,2604.722
2017-04-24 00:00:00+00:00,1241.99,1254.0,1234.0,1253.58,3048.689
2017-04-25 00:00:00+00:00,1253.58,1280.0,1251.07,1269.0,5249.7734
2017-04-26 00:00:00+00:00,1271.4,1330.0,1265.0,1287.99,8707.639
2017-04-27 00:00:00+00:00,1287.92,1342.02,1285.0,1331.53,6669.9873
2017-04-28 00:00:00+00:00,1331.0,1347.02,1299.0,1330.7,8234.275
2017-04-29 00:00:00+00:00,1333.93,1342.8,1316.0,1333.0,3927.4507
2017-04-30 00:00:00+00:00,1336.77,1356.0,1315.68,1350.21,3536.1758
2017-05-01 00:00:00+00:00,1348.88,1425.0,1341.22,1390.86,8604.415
2017-05-02 00:00:00+00:00,1390.86,1481.73,1388.0,1447.75,8920.689
2017-05-03 00:00:00+00:00,1447.75,1516.04,1431.02,1503.22,11077.59
2017-05-04 00:00:00+00:00,1503.25,1623.01,1444.94,1537.23,19548.53
2017-05-05 00:00:00+00:00,1537.36,1609.0,1495.0,1514.9,15603.685
2017-05-06 00:00:00+00:00,1514.9,1578.97,1505.0,1558.02,7901.143
2017-05-07 00:00:00+00:00,1554.04,1565.0,1525.0,1554.01,7667.7856
2017-05-08 00:00:00+00:00,1554.38,1653.97,1554.38,1649.54,19262.354
2017-05-09 00:00:00+00:00,1649.55,1760.4,1616.05,1720.28,16807.732
2017-05-10 00:00:00+00:00,1720.26,1794.21,1682.0,1772.58,11265.379
2017-05-11 00:00:00+00:00,1772.58,1892.0,1745.01,1828.45,14740.22
2017-05-12 00:00:00+00:00,1830.85,1832.0,1650.0,1691.51,17062.844
2017-05-13 00:00:00+00:00,1690.33,1785.82,1601.46,1776.89,10532.234
2017-05-14 00:00:00+00:00,1776.8,1815.0,1753.0,1784.0,4816.732
2017-05-15 00:00:00+00:00,1782.3,1784.0,1682.56,1705.48,13316.802
2017-05-16 00:00:00+00:00,1706.07,1750.0,1641.22,1700.01,16554.088
2017-05-17 00:00:00+00:00,1700.01,1840.42,1670.01,1782.99,17797.318
2017-05-18 00:00:00+00:00,1779.0,1881.8,1766.33,1878.99,11916.123
2017-05-19 00:00:00+00:00,1879.0,1969.99,1874.99,1958.0,14124.618
2017-05-20 00:00:00+00:00,1959.09,2021.0,1914.0,2013.99,12309.947
2017-05-21 00:00:00+00:00,2013.99,2063.11,1961.52,2017.55,6755.8345
2017-05-22 00:00:00+00:00,2017.55,2230.34,2001.0,2099.97,16338.535
2017-05-23 00:00:00+00:00,2088.76,2275.0,2088.45,2264.23,14138.92
2017-05-24 00:00:00+00:00,2265.9,2481.75,2264.64,2420.29,22144.598
2017-05-25 00:00:00+00:00,2420.29,2760.1,2221.0,2292.53,32964.76
2017-05-26 00:00:00+00:00,2277.01,2599.12,2060.0,2279.82,28326.822
2017-05-27 00:00:00+00:00,2280.7,2339.94,1850.0,2042.0,26216.275
2017-05-28 00:00:00+00:00,2042.89,2313.96,2041.48,2178.81,15375.218
2017-05-29 00:00:00+00:00,2172.54,2350.0,2110.0,2292.1,12129.278
2017-05-30 00:00:00+00:00,2290.18,2339.08,2160.0,2203.51,13888.851
2017-05-31 00:00:00+00:00,2201.7,2334.0,2154.28,2298.01,16279.292
2017-06-01 00:00:00+00:00,2298.01,2456.39,2296.81,2413.63,18401.664
2017-06-02 00:00:00+00:00,2413.58,2489.0,2370.03,2488.94,12428.7
2017-06-03 00:00:00+00:00,2488.94,2584.34,2445.0,2540.94,10810.585
2017-06-04 00:00:00+00:00,2538.1,2569.0,2460.0,2530.27,8828.625
2017-06-05 00:00:00+00:00,2530.27,2699.35,2525.28,2698.0,12221.444
2017-06-06 00:00:00+00:00,2698.0,2933.0,2689.4,2880.74,26695.67
2017-06-07 00:00:00+00:00,2875.71,2893.28,2612.5,2683.03,16967.043
2017-06-08 00:00:00+00:00,2680.24,2815.0,2613.13,2806.0,13251.405
2017-06-09 00:00:00+00:00,2805.46,2868.23,2780.43,2822.32,8036.3135
2017-06-10 00:00:00+00:00,2818.0,2912.98,2800.0,2899.99,9593.361
2017-06-11 00:00:00+00:00,2899.01,2967.46,2861.53,2954.22,6830.607
2017-06-12 00:00:00+00:00,2954.23,2980.0,2480.03,2667.06,31534.945
2017-06-13 00:00:00+00:00,2656.97,2783.62,2638.62,2703.02,16275.834
2017-06-14 00:00:00+00:00,2705.99,2801.0,2320.0,2450.0,29478.82
2017-06-15 00:00:00+00:00,2451.42,2516.2,2120.0,2424.91,36751.09
2017-06-16 00:00:00+00:00,2424.96,2540.0,2307.66,2484.68,13802.394
2017-06-17 00:00:00+00:00,2484.68,2674.4,2420.53,2630.0,11142.985
2017-06-18 00:00:00+00:00,2630.06,2665.0,2460.62,2516.98,9424.231
2017-06-19 00:00:00+00:00,2516.98,2598.0,2480.96,2598.0,10570.673
2017-06-20 00:00:00+00:00,2598.0,2783.0,2581.0,2740.0,15891.699
2017-06-21 00:00:00+00:00,2734.03,2789.0,2611.0,2657.04,15676.323
2017-06-22 00:00:00+00:00,2658.67,2740.0,2594.61,2713.48,10792.788
2017-06-23 00:00:00+00:00,2713.48,2745.0,2657.46,2685.05,8232.48
2017-06-24 00:00:00+00:00,2685.05,2724.96,2512.13,2557.66,13342.817
2017-06-25 00:00:00+00:00,2557.66,2635.72,2432.0,2502.03,10339.574
2017-06-26 00:00:00+00:00,2502.26,2550.03,2315.01,2421.22,22094.21
2017-06-27 00:00:00+00:00,2421.21,2565.0,2291.0,2565.0,19129.596
2017-06-28 00:00:00+00:00,2565.0,2593.0,2468.01,2559.9,12274.545
2017-06-29 00:00:00+00:00,2550.99,2594.78,2500.31,2541.59,8125.3774
2017-06-30 00:00:00+00:00,2538.41,2564.58,2451.0,2465.49,8715.717
2017-07-01 00:00:00+00:00,2465.48,2517.11,2390.0,2412.41,8885.894
2017-07-02 00:00:00+00:00,2421.3,2528.72,2374.34,2504.37,8744.534
2017-07-03 00:00:00+00:00,2504.81,2595.0,2472.68,2550.47,11520.707
2017-07-04 00:00:00+00:00,2540.07,2639.47,2540.07,2596.12,9662.76
2017-07-05 00:00:00+00:00,2594.52,2623.0,2530.1,2602.9,10882.839
2017-07-06 00:00:00+00:00,2598.37,2614.0,2522.0,2600.39,8333.981
2017-07-07 00:00:00+00:00,2599.01,2605.0,2475.0,2501.46,9430.615
2017-07-08 00:00:00+00:00,2501.46,2555.0,2462.0,2550.07,5405.891
2017-07-09 00:00:00+00:00,2550.13,2564.65,2500.5,2502.28,4483.144
2017-07-10 00:00:00+00:00,2504.0,2527.88,2261.85,2323.45,17296.34
2017-07-11 00:00:00+00:00,2326.12,2399.0,2242.62,2305.98,17580.96
2017-07-12 00:00:00+00:00,2301.55,2408.84,2239.54,2388.0,12883.555
2017-07-13 00:00:00+00:00,2383.97,2425.16,2312.93,2339.99,8429.851
2017-07-14 00:00:00+00:00,2340.0,2357.84,2140.0,2213.37,12659.017
2017-07-15 00:00:00+00:00,2209.44,2219.99,1967.65,1970.51,19886.68
2017-07-16 00:00:00+00:00,1970.51,2044.44,1830.0,1917.63,25562.705
2017-07-17 00:00:00+00:00,1917.72,2229.97,1910.57,2226.0,26448.502
2017-07-18 00:00:00+00:00,2226.0,2392.0,2164.0,2303.71,25204.49
2017-07-19 00:00:00+00:00,2308.82,2402.5,2223.0,2265.21,17009.883
2017-07-20 00:00:00+00:00,2265.51,2938.0,2265.51,2875.03,30989.89
2017-07-21 00:00:00+00:00,2880.0,2887.45,2611.39,2670.0,20724.16
2017-07-22 00:00:00+00:00,2667.01,2882.0,2644.59,2832.71,12819.631
2017-07-23 00:00:00+00:00,2824.82,2855.0,2640.0,2749.02,11001.965
2017-07-24 00:00:00+00:00,2756.8,2800.0,2701.0,2759.98,10001.915
2017-07-25 00:00:00+00:00,2759.95,2775.79,2450.0,2564.82,21326.549
2017-07-26 00:00:00+00:00,2564.74,2608.96,2400.0,2524.99,17713.674
2017-07-27 00:00:00+00:00,2524.99,2695.0,2509.63,2666.33,11826.476
2017-07-28 00:00:00+00:00,2666.33,2825.0,2655.82,2777.01,14069.502
2017-07-29 00:00:00+00:00,2777.01,2785.65,2631.78,2680.56,10782.218
2017-07-30 00:00:00+00:00,2681.6,2774.45,2569.69,2742.37,9678.161
2017-07-31 00:00:00+00:00,2745.76,2889.99,2680.01,2855.81,11114.336
2017-08-01 00:00:00+00:00,2855.81,2929.17,2615.0,2731.0,12525.077
2017-08-02 00:00:00+00:00,2732.0,2760.0,2650.0,2703.51,9486.626
2017-08-03 00:00:00+00:00,2703.51,2807.44,2698.83,2793.37,7963.6978
2017-08-04 00:00:00+00:00,2793.34,2877.52,2765.91,2855.0,7635.822
2017-08-05 00:00:00+00:00,2851.01,3339.66,2848.32,3263.62,16996.273
2017-08-06 00:00:00+00:00,3263.51,3296.51,3146.1,3222.75,5998.736
2017-08-07 00:00:00+00:00,3216.78,3430.0,3186.0,3387.55,12046.117
2017-08-08 00:00:00+00:00,3387.54,3490.0,3300.0,3412.41,15835.37
2017-08-09 00:00:00+00:00,3408.46,3423.1,3178.72,3342.99,14286.844
2017-08-10 00:00:00+00:00,3342.99,3448.0,3311.17,3413.03,9031.121
2017-08-11 00:00:00+00:00,3410.0,3705.0,3390.67,3645.06,11927.373
2017-08-12 00:00:00+00:00,3651.74,3934.0,3586.95,3855.1,12351.074
2017-08-13 00:00:00+00:00,3855.04,4190.0,3841.71,4053.87,15889.83
2017-08-14 00:00:00+00:00,4053.87,4329.43,3964.96,4306.23,14212.304
2017-08-15 00:00:00+00:00,4320.95,4400.0,3800.0,4155.67,25515.719
2017-08-16 00:00:00+00:00,4154.99,4379.78,3926.06,4378.84,12923.638
2017-08-17 00:00:00+00:00,4361.99,4480.0,4167.21,4276.5,14573.186
2017-08-18 00:00:00+00:00,4260.47,4368.0,3964.96,4100.0,17516.994
2017-08-19 00:00:00+00:00,4100.0,4188.0,3900.0,4099.55,15036.184
2017-08-20 00:00:00+00:00,4091.99,4125.95,4000.0,4058.68,6237.9727
2017-08-21 00:00:00+00:00,4058.64,4080.0,3949.78,3987.52,9782.057
2017-08-22 00:00:00+00:00,3987.51,4139.31,3600.0,4085.0,23522.758
2017-08-23 00:00:00+00:00,4078.0,4248.97,4051.94,4108.12,14979.403
2017-08-24 00:00:00+00:00,4121.78,4350.0,4082.57,4300.34,10782.694
2017-08-25 00:00:00+00:00,4308.8,4449.98,4270.0,4355.98,9699.61
2017-08-26 00:00:00+00:00,4348.17,4369.78,4232.43,4333.38,6559.6685
2017-08-27 00:00:00+00:00,4333.38,4393.3,4290.32,4337.68,3979.1245
2017-08-28 00:00:00+00:00,4329.91,4399.72,4169.01,4379.99,8641.003
2017-08-29 00:00:00+00:00,4385.0,4649.78,4336.26,4578.82,11879.643
2017-08-30 00:00:00+00:00,4578.82,4642.22,4479.0,4573.2,8720.035
2017-08-31 00:00:00+00:00,4573.15,4765.21,4566.66,4734.26,8911.412
2017-09-01 00:00:00+00:00,4734.26,4935.0,4671.09,4921.7,15367.529
2017-09-02 00:00:00+00:00,4921.71,4979.9,4488.5,4599.9,16977.793
2017-09-03 00:00:00+00:00,4599.9,4700.0,4385.0,4606.26,11224.914
2017-09-04 00:00:00+00:00,4603.68,4613.97,4058.5,4277.0,25069.125
2017-09-05 00:00:00+00:00,4282.53,4474.88,4001.93,4396.52,20884.219
2017-09-06 00:00:00+00:00,4397.38,4649.23,4356.42,4605.8,16634.104
2017-09-07 00:00:00+00:00,4605.81,4674.34,4475.0,4615.0,9254.852
2017-09-08 00:00:00+00:00,4615.0,4679.97,4125.99,4312.0,23693.3
2017-09-09 00:00:00+00:00,4327.41,4379.78,4164.0,4308.72,9974.389
2017-09-10 00:00:00+00:00,4322.44,4322.44,4010.0,4226.22,14724.204
2017-09-11 00:00:00+00:00,4226.21,4353.49,4092.4,4207.31,11191.595
2017-09-12 00:00:00+00:00,4198.89,4377.65,4080.0,4172.56,13294.4375
2017-09-13 00:00:00+00:00,4170.6,4179.14,3720.01,3865.34,29636.38
2017-09-14 00:00:00+00:00,3861.89,3921.74,3210.0,3227.79,41319.4
2017-09-15 00:00:00+00:00,3227.79,3820.0,2972.01,3700.01,60278.945
2017-09-16 00:00:00+00:00,3699.89,3872.9,3500.0,3678.93,23158.229
2017-09-17 00:00:00+00:00,3669.07,3772.52,3463.0,3662.99,11770.218
2017-09-18 00:00:00+00:00,3662.95,4122.7,3659.42,4101.6,17207.6
2017-09-19 00:00:00+00:00,4102.0,4119.7,3848.35,3888.8,15278.931
2017-09-20 00:00:00+00:00,3888.8,4050.0,3820.56,3874.46,11660.271
2017-09-21 00:00:00+00:00,3864.0,3914.0,3573.0,3617.05,17904.297
2017-09-22 00:00:00+00:00,3607.83,3761.84,3514.0,3612.18,15007.738
2017-09-23 00:00:00+00:00,3611.91,3810.25,3552.0,3779.17,10123.232
2017-09-24 00:00:00+00:00,3781.13,3783.25,3615.0,3664.22,6508.725
2017-09-25 00:00:00+00:00,3667.01,3968.59,3658.39,3918.0,14979.782
2017-09-26 00:00:00+00:00,3920.66,3970.0,3850.61,3888.03,10014.624
2017-09-27 00:00:00+00:00,3883.95,4226.73,3870.0,4199.29,15075.839
2017-09-28 00:00:00+00:00,4202.34,4270.01,4123.5,4184.84,9625.93
2017-09-29 00:00:00+00:00,4183.47,4227.62,4022.02,4164.82,12191.931
2017-09-30 00:00:00+00:00,4162.04,4349.0,4154.28,4326.09,7496.7827
2017-10-01 00:00:00+00:00,4326.09,4377.22,4216.0,4377.22,7211.335
2017-10-02 00:00:00+00:00,4369.33,4453.0,4352.0,4391.48,8259.818
2017-10-03 00:00:00+00:00,4391.41,4425.0,4218.0,4315.83,12468.058
2017-10-04 00:00:00+00:00,4315.73,4343.0,4170.07,4219.53,8518.993
2017-10-05 00:00:00+00:00,4219.74,4358.97,4137.96,4301.09,8419.963
2017-10-06 00:00:00+00:00,4301.09,4425.0,4278.4,4362.95,8377.302
2017-10-07 00:00:00+00:00,4356.09,4463.0,4312.82,4423.3,4646.406
2017-10-08 00:00:00+00:00,4422.72,4612.0,4404.5,4597.98,10083.867
2017-10-09 00:00:00+00:00,4597.97,4865.0,4541.0,4764.7,12923.667
2017-10-10 00:00:00+00:00,4761.67,4909.97,4700.0,4749.29,11666.025
2017-10-11 00:00:00+00:00,4747.9,4869.78,4700.0,4822.01,9866.8955
2017-10-12 00:00:00+00:00,4822.01,5445.0,4793.66,5445.0,19916.229
2017-10-13 00:00:00+00:00,5444.0,5846.43,5380.0,5653.6,27827.38
2017-10-14 00:00:00+00:00,5653.58,5817.34,5558.26,5801.29,8410.937
2017-10-15 00:00:00+00:00,5795.01,5830.0,5415.0,5679.7,11542.946
2017-10-16 00:00:00+00:00,5683.92,5807.11,5548.0,5745.72,9066.8
2017-10-17 00:00:00+00:00,5752.2,5776.31,5506.78,5597.31,9105.282
2017-10-18 00:00:00+00:00,5591.97,5617.75,5101.36,5582.05,18961.676
2017-10-19 00:00:00+00:00,5572.64,5735.14,5512.06,5698.69,9919.838
2017-10-20 00:00:00+00:00,5700.0,6074.0,5589.8,5977.29,15109.063
2017-10-21 00:00:00+00:00,5977.26,6180.0,5871.0,6013.46,15357.424
2017-10-22 00:00:00+00:00,6010.85,6071.07,5700.0,5969.0,12232.523
2017-10-23 00:00:00+00:00,5967.38,6045.34,5617.75,5871.17,15331.635
2017-10-24 00:00:00+00:00,5869.82,5870.0,5453.01,5523.4,17286.725
2017-10-25 00:00:00+00:00,5518.49,5748.0,5366.0,5735.88,12349.106
2017-10-26 00:00:00+00:00,5741.35,5988.0,5683.0,5890.0,11788.303
2017-10-27 00:00:00+00:00,5889.99,5994.06,5674.06,5771.89,11911.042
2017-10-28 00:00:00+00:00,5773.03,5875.66,5646.18,5730.69,5926.2974
2017-10-29 00:00:00+00:00,5731.7,6316.85,5683.0,6137.37,16086.626
2017-10-30 00:00:00+00:00,6133.01,6229.77,6024.03,6119.99,9574.644
2017-10-31 00:00:00+00:00,6120.0,6449.78,6072.81,6434.21,13423.309
2017-11-01 00:00:00+00:00,6434.24,6756.36,6340.01,6741.59,12967.222
2017-11-02 00:00:00+00:00,6745.04,7354.1,6700.0,7030.0,26514.65
2017-11-03 00:00:00+00:00,7030.0,7500.0,6925.22,7146.82,15999.784
2017-11-04 00:00:00+00:00,7145.24,7569.9,6994.0,7388.83,9200.114
2017-11-05 00:00:00+00:00,7388.79,7590.0,7275.16,7372.72,9218.327
2017-11-06 00:00:00+00:00,7373.3,7421.39,6922.07,6967.68,19323.129
2017-11-07 00:00:00+00:00,6967.64,7244.69,6945.0,7130.28,11634.266
2017-11-08 00:00:00+00:00,7131.38,7888.0,7080.01,7450.32,24679.72
2017-11-09 00:00:00+00:00,7465.06,7490.0,7061.2,7148.0,14799.266
2017-11-10 00:00:00+00:00,7150.61,7343.18,6429.44,6588.18,26614.275
2017-11-11 00:00:00+00:00,6588.18,6820.0,6218.0,6355.13,14942.702
2017-11-12 00:00:00+00:00,6355.13,6488.88,5555.55,5870.37,37315.156
2017-11-13 00:00:00+00:00,5870.03,6775.75,5846.0,6525.17,27202.281
2017-11-14 00:00:00+00:00,6524.69,6750.0,6466.88,6609.0,12072.053
2017-11-15 00:00:00+00:00,6609.0,7350.0,6609.0,7294.0,16869.898
2017-11-16 00:00:00+00:00,7294.0,7976.79,7120.85,7846.96,19272.371
2017-11-17 00:00:00+00:00,7846.96,7997.0,7528.5,7674.99,17714.367
2017-11-18 00:00:00+00:00,7675.0,7858.0,7431.54,7771.03,7326.81
2017-11-19 00:00:00+00:00,7775.55,8087.35,7675.0,8016.58,8307.777
2017-11-20 00:00:00+00:00,8016.58,8269.99,7900.0,8226.17,8179.4575
2017-11-21 00:00:00+00:00,8226.14,8354.46,7770.0,8095.23,13686.512
2017-11-22 00:00:00+00:00,8095.19,8310.89,8045.76,8214.69,8078.5806
2017-11-23 00:00:00+00:00,8214.69,8279.76,7980.0,7989.0,7811.7935
2017-11-24 00:00:00+00:00,7988.96,8340.0,7876.0,8199.19,9289.989
2017-11-25 00:00:00+00:00,8199.83,8737.0,8114.78,8717.99,11611.666
2017-11-26 00:00:00+00:00,8718.0,9366.6,8538.2,9271.06,12021.216
2017-11-27 00:00:00+00:00,9278.99,9721.7,9267.0,9708.07,13272.452
2017-11-28 00:00:00+00:00,9708.06,9968.0,9582.25,9868.82,11214.93
2017-11-29 00:00:00+00:00,9877.63,11395.0,9250.0,9824.68,33432.34
2017-11-30 00:00:00+00:00,9833.7,10618.29,9000.0,9947.67,25433.459
2017-12-01 00:00:00+00:00,9927.29,10949.89,9370.11,10840.45,16708.033
2017-12-02 00:00:00+00:00,10840.45,11200.0,10637.69,10872.0,9267.161
2017-12-03 00:00:00+00:00,10875.68,11800.01,10513.16,11250.0,14238.525
2017-12-04 00:00:00+00:00,11250.0,11613.07,10850.0,11613.07,13621.482
2017-12-05 00:00:00+00:00,11613.07,11850.0,11384.25,11677.0,11875.034
2017-12-06 00:00:00+00:00,11676.99,13700.0,11659.8,13623.5,19784.873
2017-12-07 00:00:00+00:00,13623.0,16615.62,13085.9,16599.99,25787.676
2017-12-08 00:00:00+00:00,16599.99,16666.66,13482.42,15800.0,25473.395
2017-12-09 00:00:00+00:00,15799.87,15998.5,12701.05,14607.49,16587.473
2017-12-10 00:00:00+00:00,14601.01,15385.0,13011.0,14691.0,18487.982
2017-12-11 00:00:00+00:00,14690.99,17270.0,14677.19,16470.0,16583.723
2017-12-12 00:00:00+00:00,16470.0,17428.42,15967.29,16650.01,13517.893
2017-12-13 00:00:00+00:00,16650.01,17107.03,15497.69,16250.0,17136.705
2017-12-14 00:00:00+00:00,16245.02,16830.45,15852.69,16404.99,13409.524
2017-12-15 00:00:00+00:00,16404.99,17934.0,16337.19,17471.5,18998.389
2017-12-16 00:00:00+00:00,17477.98,19377.0,17269.99,19187.78,9761.221
2017-12-17 00:00:00+00:00,19187.78,19666.0,18465.0,18953.0,9749.249
2017-12-18 00:00:00+00:00,18953.0,19220.0,17835.2,18940.57,14678.941
2017-12-19 00:00:00+00:00,18940.58,19160.79,16831.26,17700.0,21528.137
2017-12-20 00:00:00+00:00,17700.0,17950.0,15343.04,16466.98,31172.229
2017-12-21 00:00:00+00:00,16466.98,17281.17,15005.0,15600.01,20377.861
2017-12-22 00:00:00+00:00,15600.0,15795.61,11159.93,14009.79,57444.887
2017-12-23 00:00:00+00:00,13980.0,15756.22,13496.48,14619.0,21786.408
2017-12-24 00:00:00+00:00,14619.0,14619.1,12488.0,14157.87,18519.49
2017-12-25 00:00:00+00:00,14107.87,14650.0,13210.0,13911.28,11564.544
2017-12-26 00:00:00+00:00,13925.5,16147.87,13746.95,15764.44,15051.164
2017-12-27 00:00:00+00:00,15764.45,16480.52,14484.0,15364.93,15643.755
2017-12-28 00:00:00+00:00,15390.05,15474.19,13500.0,14470.07,16557.217
2017-12-29 00:00:00+00:00,14436.99,15111.0,13998.0,14340.0,13505.703
2017-12-30 00:00:00+00:00,14351.0,14463.28,12050.0,12640.0,21749.674
2017-12-31 00:00:00+00:00,12640.0,14296.06,12491.21,13880.0,11583.419
2018-01-01 00:00:00+00:00,13880.0,13941.75,12801.38,13443.41,7688.031
2018-01-02 00:00:00+00:00,13394.2,15257.53,12910.58,14678.94,16299.669
2018-01-03 00:00:00+00:00,14670.96,15500.0,14546.28,15155.62,12275.001
2018-01-04 00:00:00+00:00,15155.62,15430.27,14192.37,15143.67,15004.019
2018-01-05 00:00:00+00:00,15143.67,17200.0,14810.0,16928.0,16248.915
2018-01-06 00:00:00+00:00,16927.99,17234.99,16220.0,17149.67,9501.017
2018-01-07 00:00:00+00:00,17142.43,17149.97,15707.16,16124.02,8632.813
2018-01-08 00:00:00+00:00,16173.98,16300.0,13900.0,14999.99,16676.35
2018-01-09 00:00:00+00:00,14999.99,15367.18,14123.97,14403.51,13913.524
2018-01-10 00:00:00+00:00,14403.51,14900.0,13412.0,14890.02,18479.012
2018-01-11 00:00:00+00:00,14899.99,14973.07,12800.0,13243.83,19630.074
2018-01-12 00:00:00+00:00,13249.99,14152.19,12807.27,13781.41,13433.085
2018-01-13 00:00:00+00:00,13829.28,14619.1,13789.42,14197.78,7488.987
2018-01-14 00:00:00+00:00,14197.78,14365.81,13072.22,13647.99,7588.6357
2018-01-15 00:00:00+00:00,13647.99,14394.36,13429.25,13607.04,9444.636
2018-01-16 00:00:00+00:00,13581.66,13607.04,10162.0,11386.34,38789.883
2018-01-17 00:00:00+00:00,11393.97,11794.07,9222.0,11191.35,41356.19
2018-01-18 00:00:00+00:00,11199.0,12146.0,10693.0,11247.57,22195.262
2018-01-19 00:00:00+00:00,11290.9,12050.39,11025.18,11552.0,13203.256
2018-01-20 00:00:00+00:00,11560.82,13052.12,11515.94,12775.99,10324.058
2018-01-21 00:00:00+00:00,12782.99,12791.88,11100.0,11558.87,11596.441
2018-01-22 00:00:00+00:00,11558.87,11910.78,10028.41,10808.99,17067.729
2018-01-23 00:00:00+00:00,10810.0,11409.87,9927.54,10851.82,17250.176
2018-01-24 00:00:00+00:00,10848.99,11500.0,10488.13,11400.96,11646.791
2018-01-25 00:00:00+00:00,11400.98,11741.82,10868.57,11155.54,10212.922
2018-01-26 00:00:00+00:00,11140.01,11635.0,10263.32,11092.95,15074.666
2018-01-27 00:00:00+00:00,11093.74,11630.47,10815.84,11446.54,10309.808
2018-01-28 00:00:00+00:00,11446.54,11989.15,11360.52,11685.58,9956.093
2018-01-29 00:00:00+00:00,11685.58,11820.01,10991.0,11162.62,9996.356
2018-01-30 00:00:00+00:00,11162.62,11222.36,9731.2,9971.0,21082.193
2018-01-31 00:00:00+00:00,9971.0,10324.0,9514.96,10149.0,12743.51
2018-02-01 00:00:00+00:00,10148.99,10187.56,8455.0,8998.99,26356.588
2018-02-02 00:00:00+00:00,9010.87,9096.79,7625.25,8838.83,44406.02
2018-02-03 00:00:00+00:00,8838.29,9491.2,8170.71,9225.86,16208.374
2018-02-04 00:00:00+00:00,9225.31,9350.09,7825.0,8191.0,19110.672
2018-02-05 00:00:00+00:00,8190.78,8335.56,6600.0,6874.27,46544.43
2018-02-06 00:00:00+00:00,6878.65,8150.0,5920.72,7737.37,70961.37
2018-02-07 00:00:00+00:00,7737.26,8649.0,7213.8,7588.01,32640.893
2018-02-08 00:00:00+00:00,7588.01,8644.36,7565.5,8259.76,22746.39
2018-02-09 00:00:00+00:00,8259.42,8779.62,7753.32,8693.98,18418.117
2018-02-10 00:00:00+00:00,8693.98,9090.8,8170.86,8560.0,14670.559
2018-02-11 00:00:00+00:00,8560.0,8560.0,7820.0,8067.0,12711.786
2018-02-12 00:00:00+00:00,8077.25,8995.0,8067.0,8899.0,15071.04
2018-02-13 00:00:00+00:00,8891.2,8951.89,8360.13,8522.99,11374.524
2018-02-14 00:00:00+00:00,8504.57,9515.0,8504.57,9490.98,17468.738
2018-02-15 00:00:00+00:00,9490.98,10234.0,9350.0,10018.0,21036.338
2018-02-16 00:00:00+00:00,10011.3,10300.0,9707.51,10196.0,11857.643
2018-02-17 00:00:00+00:00,10203.14,11135.83,10053.5,11101.0,14511.169
2018-02-18 00:00:00+00:00,11101.0,11300.0,10153.15,10421.06,17623.08
2018-02-19 00:00:00+00:00,10433.68,11262.48,10307.51,11173.0,11698.256
2018-02-20 00:00:00+00:00,11159.12,11780.0,11080.37,11233.41,15880.909
2018-02-21 00:00:00+00:00,11233.42,11275.74,10256.0,10449.4,19959.678
2018-02-22 00:00:00+00:00,10446.79,10935.0,9731.2,9843.34,20204.691
2018-02-23 00:00:00+00:00,9843.33,10405.3,9600.0,10166.1,16044.039
2018-02-24 00:00:00+00:00,10135.2,10540.63,9373.48,9689.99,13972.715
2018-02-25 00:00:00+00:00,9688.26,9883.41,9260.0,9590.04,11037.177
2018-02-26 00:00:00+00:00,9595.99,10461.97,9376.34,10324.7,16156.805
2018-02-27 00:00:00+00:00,10329.99,10850.0,10150.0,10566.3,10408.4795
2018-02-28 00:00:00+00:00,10572.49,11064.75,10255.07,10314.9,10490.749
2018-03-01 00:00:00+00:00,10314.99,11090.0,10223.41,10903.13,9481.665
2018-03-02 00:00:00+00:00,10917.37,11175.0,10774.01,11029.99,8329.098
2018-03-03 00:00:00+00:00,11032.81,11503.24,11022.85,11445.0,7786.2676
2018-03-04 00:00:00+00:00,11445.0,11511.0,11054.91,11463.27,6831.631
2018-03-05 00:00:00+00:00,11479.68,11688.0,11383.66,11419.24,9933.676
2018-03-06 00:00:00+00:00,11417.39,11420.01,10560.19,10723.76,14734.42
2018-03-07 00:00:00+00:00,10723.01,10911.78,9450.0,9913.03,26116.512
2018-03-08 00:00:00+00:00,9904.52,10150.0,9078.95,9285.32,22522.428
2018-03-09 00:00:00+00:00,9293.06,9420.39,8366.0,9230.0,29014.166
2018-03-10 00:00:00+00:00,9228.83,9514.96,8697.0,8791.47,12886.589
2018-03-11 00:00:00+00:00,8795.04,9768.37,8450.0,9535.04,16407.543
2018-03-12 00:00:00+00:00,9535.04,9892.0,8742.07,9120.75,18751.021
2018-03-13 00:00:00+00:00,9115.24,9482.79,8830.0,9142.32,16001.476
2018-03-14 00:00:00+00:00,9152.07,9356.14,7948.0,8196.69,21191.023
2018-03-15 00:00:00+00:00,8195.99,8425.0,7682.0,8265.05,18387.611
2018-03-16 00:00:00+00:00,8265.05,8613.06,7914.08,8258.54,16498.625
2018-03-17 00:00:00+00:00,8258.54,8356.4,7730.23,7860.83,12048.669
2018-03-18 00:00:00+00:00,7860.83,8324.92,7325.37,8188.24,19547.361
2018-03-19 00:00:00+00:00,8205.55,8718.74,8114.17,8596.93,19396.088
2018-03-20 00:00:00+00:00,8596.79,9051.0,8313.01,8904.02,13454.822
2018-03-21 00:00:00+00:00,8904.02,9188.1,8754.83,8893.79,12100.997
2018-03-22 00:00:00+00:00,8892.18,9099.59,8503.52,8704.67,12587.634
2018-03-23 00:00:00+00:00,8708.52,8920.79,8265.0,8920.79,13749.785
2018-03-24 00:00:00+00:00,8917.99,9020.0,8505.0,8547.0,9731.982
2018-03-25 00:00:00+00:00,8541.96,8680.0,8368.63,8453.9,9155.912
2018-03-26 00:00:00+00:00,8451.12,8500.0,7831.15,8149.66,17693.416
2018-03-27 00:00:00+00:00,8152.26,8211.62,7742.11,7791.7,12385.25
2018-03-28 00:00:00+00:00,7791.69,8104.98,7723.03,7932.41,8437.645
2018-03-29 00:00:00+00:00,7932.41,7968.0,6914.53,7088.38,22138.113
2018-03-30 00:00:00+00:00,7086.14,7302.35,6550.0,6850.0,29101.447
2018-03-31 00:00:00+00:00,6839.63,7231.73,6794.26,6928.62,11579.597
2018-04-01 00:00:00+00:00,6926.5,7045.71,6427.16,6813.52,18046.941
2018-04-02 00:00:00+00:00,6816.31,7106.5,6759.96,7052.76,13624.16
2018-04-03 00:00:00+00:00,7052.75,7506.84,7001.28,7416.27,16089.542
2018-04-04 00:00:00+00:00,7415.53,7430.0,6710.38,6799.95,15779.202
2018-04-05 00:00:00+00:00,6799.37,6928.7,6578.95,6771.69,11894.536
2018-04-06 00:00:00+00:00,6771.3,6850.0,6510.0,6618.33,8478.418
2018-04-07 00:00:00+00:00,6627.7,7069.13,6600.99,6904.9,7683.0415
2018-04-08 00:00:00+00:00,6904.21,7104.52,6894.8,7027.26,4352.6978
2018-04-09 00:00:00+00:00,7027.26,7175.83,6611.49,6780.1,10103.916
2018-04-10 00:00:00+00:00,6782.39,6900.0,6653.21,6835.67,6480.193
2018-04-11 00:00:00+00:00,6824.75,6984.92,6809.26,6940.94,5825.4106
2018-04-12 00:00:00+00:00,6940.94,8069.34,6758.45,7923.78,19033.38
2018-04-13 00:00:00+00:00,7923.78,8239.33,7753.32,7896.92,19605.943
2018-04-14 00:00:00+00:00,7885.9,8232.14,7835.0,8000.41,8935.53
2018-04-15 00:00:00+00:00,8003.39,8417.0,8001.23,8354.22,7542.841
2018-04-16 00:00:00+00:00,8353.43,8424.99,7905.0,8048.15,10866.603
2018-04-17 00:00:00+00:00,8054.68,8160.85,7806.81,7890.87,9277.151
2018-04-18 00:00:00+00:00,7890.87,8235.0,7870.35,8172.84,9227.204
2018-04-19 00:00:00+00:00,8172.83,8297.99,8074.44,8271.31,9436.847
2018-04-20 00:00:00+00:00,8273.0,8934.0,8216.9,8861.0,16059.623
2018-04-21 00:00:00+00:00,8865.78,9023.4,8608.0,8920.71,15336.308
2018-04-22 00:00:00+00:00,8924.93,9036.52,8760.0,8789.96,9346.452
2018-04-23 00:00:00+00:00,8781.7,9006.39,8771.22,8946.95,10286.118
2018-04-24 00:00:00+00:00,8942.0,9737.16,8930.0,9648.0,20460.51
2018-04-25 00:00:00+00:00,9648.36,9755.53,8751.0,8864.99,33035.902
2018-04-26 00:00:00+00:00,8855.07,9326.79,8647.29,9274.48,20042.969
2018-04-27 00:00:00+00:00,9277.32,9387.82,8901.09,8921.43,11375.515
2018-04-28 00:00:00+00:00,8916.54,9442.34,8854.47,9345.11,15558.402
2018-04-29 00:00:00+00:00,9352.97,9538.75,9180.0,9393.99,10940.718
2018-04-30 00:00:00+00:00,9396.32,9443.96,9111.0,9242.17,8085.6885
2018-05-01 00:00:00+00:00,9243.51,9249.99,8815.91,9066.9,12138.264
2018-05-02 00:00:00+00:00,9066.9,9259.16,8975.23,9222.0,10575.175
2018-05-03 00:00:00+00:00,9220.0,9799.99,9165.19,9732.43,11670.8
2018-05-04 00:00:00+00:00,9737.0,9784.73,9527.38,9696.57,7326.0522
2018-05-05 00:00:00+00:00,9689.0,9948.98,9670.68,9823.28,7403.105
2018-05-06 00:00:00+00:00,9827.04,9918.41,9375.0,9623.54,8155.5767
2018-05-07 00:00:00+00:00,9621.99,9634.5,9175.0,9359.52,13616.349
2018-05-08 00:00:00+00:00,9356.79,9450.0,9015.0,9167.69,11418.311
2018-05-09 00:00:00+00:00,9181.52,9368.79,8974.62,9308.49,11368.834
2018-05-10 00:00:00+00:00,9308.49,9393.0,8987.74,9020.99,11764.978
2018-05-11 00:00:00+00:00,9007.19,9018.38,8351.0,8411.42,20383.926
2018-05-12 00:00:00+00:00,8408.79,8652.8,8208.81,8481.6,15464.93
2018-05-13 00:00:00+00:00,8481.72,8775.9,8335.56,8696.58,9835.225
2018-05-14 00:00:00+00:00,8696.54,8900.9,8286.57,8674.36,18861.938
2018-05-15 00:00:00+00:00,8674.53,8865.0,8400.0,8474.99,12391.832
2018-05-16 00:00:00+00:00,8481.99,8505.33,8100.01,8346.59,12705.123
2018-05-17 00:00:00+00:00,8337.77,8500.0,7980.0,8067.03,8259.125
2018-05-18 00:00:00+00:00,8058.16,8275.1,7929.53,8248.87,7181.204
2018-05-19 00:00:00+00:00,8248.99,8395.0,8141.08,8231.2,3784.0757
2018-05-20 00:00:00+00:00,8225.55,8590.0,8170.71,8518.48,5314.999
2018-05-21 00:00:00+00:00,8518.64,8589.1,8320.0,8391.76,6126.971
2018-05-22 00:00:00+00:00,8403.23,8417.65,7951.41,7984.08,9101.061
2018-05-23 00:00:00+00:00,7983.98,8032.01,7435.49,7502.89,17635.9
2018-05-24 00:00:00+00:00,7509.99,7733.99,7267.24,7586.88,11648.365
2018-05-25 00:00:00+00:00,7579.3,7661.07,7328.13,7471.18,10088.844
2018-05-26 00:00:00+00:00,7459.21,7622.87,7276.04,7335.99,4043.5576
2018-05-27 00:00:00+00:00,7335.99,7412.57,7213.09,7347.39,3144.4512
2018-05-28 00:00:00+00:00,7348.64,7445.0,7084.99,7112.5,6583.633
2018-05-29 00:00:00+00:00,7112.2,7537.0,7026.9,7469.45,11049.921
2018-05-30 00:00:00+00:00,7469.45,7559.0,7273.89,7375.73,8940.454
2018-05-31 00:00:00+00:00,7375.64,7601.23,7330.22,7492.28,7339.0073
2018-06-01 00:00:00+00:00,7492.28,7620.01,7348.45,7511.6,6762.6274
2018-06-02 00:00:00+00:00,7511.72,7700.0,7438.92,7642.0,4012.1687
2018-06-03 00:00:00+00:00,7642.0,7790.69,7581.03,7703.67,4729.21
2018-06-04 00:00:00+00:00,7712.97,7764.44,7449.68,7488.26,6990.5513
2018-06-05 00:00:00+00:00,7494.99,7685.0,7360.0,7617.98,9968.455
2018-06-06 00:00:00+00:00,7617.98,7695.46,7482.61,7658.57,7058.0557
2018-06-07 00:00:00+00:00,7658.99,7750.0,7618.99,7689.28,7545.0093
2018-06-08 00:00:00+00:00,7676.41,7697.0,7542.0,7618.11,4676.558
2018-06-09 00:00:00+00:00,7618.11,7686.45,7468.31,7492.7,2713.781
2018-06-10 00:00:00+00:00,7498.0,7498.0,6627.7,6781.17,14392.695
2018-06-11 00:00:00+00:00,6781.17,6919.97,6634.86,6880.61,11409.524
2018-06-12 00:00:00+00:00,6880.76,6880.76,6461.42,6557.67,8827.6
2018-06-13 00:00:00+00:00,6557.66,6624.45,6120.0,6307.4,19190.504
2018-06-14 00:00:00+00:00,6308.49,6708.1,6270.69,6646.1,14185.838
2018-06-15 00:00:00+00:00,6638.8,6666.66,6370.0,6390.6,7132.207
2018-06-16 00:00:00+00:00,6390.6,6557.81,6333.63,6487.92,3553.6997
2018-06-17 00:00:00+00:00,6487.92,6575.35,6429.23,6453.41,2828.7568
2018-06-18 00:00:00+00:00,6451.03,6793.0,6381.25,6707.5,5940.1743
2018-06-19 00:00:00+00:00,6711.3,6841.81,6660.21,6736.52,5443.6797
2018-06-20 00:00:00+00:00,6728.44,6809.26,6558.95,6756.58,5193.769
2018-06-21 00:00:00+00:00,6756.6,6792.2,6677.85,6718.33,4837.324
2018-06-22 00:00:00+00:00,6718.33,6737.97,5940.0,6050.45,18544.145
2018-06-23 00:00:00+00:00,6055.17,6261.0,6048.54,6177.38,4585.8716
2018-06-24 00:00:00+00:00,6169.91,6255.05,5780.0,6153.4,11423.594
2018-06-25 00:00:00+00:00,6153.6,6365.34,6075.01,6253.61,9689.689
2018-06-26 00:00:00+00:00,6252.28,6277.0,6025.68,6068.0,7751.622
2018-06-27 00:00:00+00:00,6073.99,6181.11,5985.0,6135.64,7446.8613
2018-06-28 00:00:00+00:00,6135.64,6165.49,5818.14,5848.33,8878.398
2018-06-29 00:00:00+00:00,5845.2,6299.0,5774.72,6204.24,12067.373
2018-06-30 00:00:00+00:00,6204.01,6510.0,6190.28,6385.71,6915.089
2018-07-01 00:00:00+00:00,6385.75,6438.55,6259.34,6349.99,4160.7056
2018-07-02 00:00:00+00:00,6345.48,6667.57,6270.69,6612.98,8799.803
2018-07-03 00:00:00+00:00,6605.46,6666.0,6464.39,6507.99,5924.865
2018-07-04 00:00:00+00:00,6507.99,6792.28,6413.2,6584.25,6706.734
2018-07-05 00:00:00+00:00,6575.62,6700.0,6445.31,6533.69,7692.216
2018-07-06 00:00:00+00:00,6533.69,6636.15,6449.76,6596.53,5457.6724
2018-07-07 00:00:00+00:00,6604.74,6820.0,6510.0,6759.99,4842.796
2018-07-08 00:00:00+00:00,6755.46,6783.54,6674.6,6706.6,5145.8457
2018-07-09 00:00:00+00:00,6706.6,6814.72,6620.0,6666.75,7165.2173
2018-07-10 00:00:00+00:00,6666.75,6683.9,6270.84,6299.46,9163.02
2018-07-11 00:00:00+00:00,6304.45,6400.0,6285.0,6380.0,6370.1367
2018-07-12 00:00:00+00:00,6379.13,6380.0,6072.0,6243.88,7792.467
2018-07-13 00:00:00+00:00,6243.53,6337.25,6121.01,6215.59,5901.296
2018-07-14 00:00:00+00:00,6208.78,6317.84,6180.0,6243.98,2584.734
2018-07-15 00:00:00+00:00,6245.99,6397.21,6227.76,6349.3,3556.2932
2018-07-16 00:00:00+00:00,6353.25,6755.0,6333.63,6721.04,9404.057
2018-07-17 00:00:00+00:00,6721.21,7468.31,6657.95,7310.71,12703.297
2018-07-18 00:00:00+00:00,7310.71,7599.98,7239.15,7374.88,13347.876
2018-07-19 00:00:00+00:00,7384.92,7570.9,7278.84,7471.42,8803.253
2018-07-20 00:00:00+00:00,7474.35,7696.88,7265.0,7330.84,9379.172
2018-07-21 00:00:00+00:00,7330.84,7458.0,7212.0,7409.92,4049.8103
2018-07-22 00:00:00+00:00,7398.16,7581.03,7336.15,7396.6,5107.979
2018-07-23 00:00:00+00:00,7393.5,7800.0,7369.86,7719.62,12572.453
2018-07-24 00:00:00+00:00,7712.46,8496.96,7691.14,8403.83,18707.412
2018-07-25 00:00:00+00:00,8394.48,8475.0,8049.22,8174.06,10348.068
2018-07-26 00:00:00+00:00,8174.06,8314.23,7855.97,7926.0,8091.8716
2018-07-27 00:00:00+00:00,7926.0,8274.98,7798.48,8183.05,8701.766
2018-07-28 00:00:00+00:00,8177.72,8259.0,8051.43,8237.74,2765.6804
2018-07-29 00:00:00+00:00,8231.07,8299.99,8109.74,8216.74,3980.2793
2018-07-30 00:00:00+00:00,8216.74,8295.0,7853.01,8160.21,11785.892
2018-07-31 00:00:00+00:00,8162.28,8162.37,7633.67,7725.43,11994.086
2018-08-01 00:00:00+00:00,7726.85,7761.56,7440.0,7602.01,11406.769
2018-08-02 00:00:00+00:00,7600.22,7709.98,7455.0,7536.37,5262.2363
2018-08-03 00:00:00+00:00,7535.0,7542.92,7286.41,7416.98,9585.779
2018-08-04 00:00:00+00:00,7416.98,7494.48,6926.0,7009.99,6831.7515
2018-08-05 00:00:00+00:00,7009.94,7086.8,6888.88,7032.61,6039.1353
2018-08-06 00:00:00+00:00,7028.89,7157.93,6835.06,6936.11,7317.643
2018-08-07 00:00:00+00:00,6932.18,7155.0,6671.0,6717.68,10039.393
2018-08-08 00:00:00+00:00,6717.67,6717.68,6121.0,6283.59,14668.568
2018-08-09 00:00:00+00:00,6283.89,6627.0,6190.01,6543.76,9484.887
2018-08-10 00:00:00+00:00,6544.98,6584.05,5995.75,6139.99,14096.01
2018-08-11 00:00:00+00:00,6139.99,6494.13,6000.0,6239.98,6818.375
2018-08-12 00:00:00+00:00,6240.49,6493.77,6163.44,6310.82,7169.893
2018-08-13 00:00:00+00:00,6311.99,6544.37,6142.2,6252.63,8896.681
2018-08-14 00:00:00+00:00,6252.63,6254.02,5880.0,6193.62,14235.2705
2018-08-15 00:00:00+00:00,6194.3,6628.5,6186.02,6272.3,12501.113
2018-08-16 00:00:00+00:00,6273.34,6477.57,6208.37,6313.51,7099.261
2018-08-17 00:00:00+00:00,6314.08,6584.49,6290.64,6580.15,6635.5815
2018-08-18 00:00:00+00:00,6578.13,6615.0,6303.0,6399.28,3496.8022
2018-08-19 00:00:00+00:00,6397.37,6545.0,6312.0,6481.99,3138.7114
2018-08-20 00:00:00+00:00,6481.63,6522.99,6223.9,6260.82,6254.821
2018-08-21 00:00:00+00:00,6260.83,6513.28,6246.05,6479.27,5655.0415
2018-08-22 00:00:00+00:00,6478.99,6906.81,6250.0,6355.76,11955.65
2018-08-23 00:00:00+00:00,6355.97,6575.99,6344.8,6525.01,4028.4338
2018-08-24 00:00:00+00:00,6525.99,6721.09,6445.32,6692.94,6374.5425
2018-08-25 00:00:00+00:00,6692.99,6800.0,6664.25,6732.4,4980.6494
2018-08-26 00:00:00+00:00,6732.99,6775.34,6558.95,6700.46,3475.7202
2018-08-27 00:00:00+00:00,6700.13,6944.47,6641.35,6904.51,5863.6885
2018-08-28 00:00:00+00:00,6911.7,7125.28,6861.17,7080.94,8222.248
2018-08-29 00:00:00+00:00,7079.46,7124.06,6890.0,7032.96,5730.979
2018-08-30 00:00:00+00:00,7032.96,7055.97,6792.85,6984.01,6875.262
2018-08-31 00:00:00+00:00,6984.34,7101.03,6879.0,7017.35,5790.3804
2018-09-01 00:00:00+00:00,7015.78,7300.18,7015.22,7185.01,4590.457
2018-09-02 00:00:00+00:00,7185.01,7334.5,7130.63,7290.31,3297.6865
2018-09-03 00:00:00+00:00,7291.94,7340.08,7184.0,7258.99,2829.877
2018-09-04 00:00:00+00:00,7261.29,7411.85,7231.0,7361.0,4531.148
2018-09-05 00:00:00+00:00,7353.48,7387.0,6650.0,6679.3,12408.797
2018-09-06 00:00:00+00:00,6671.95,6705.59,6253.29,6493.09,14674.023
2018-09-07 00:00:00+00:00,6488.01,6525.0,6322.0,6400.0,6541.9673
2018-09-08 00:00:00+00:00,6401.01,6465.46,6113.23,6178.31,4284.195
2018-09-09 00:00:00+00:00,6178.31,6451.51,6094.38,6236.04,4104.314
2018-09-10 00:00:00+00:00,6238.99,6351.13,6223.9,6301.99,5371.725
2018-09-11 00:00:00+00:00,6303.99,6405.0,6162.06,6279.99,7076.7974
2018-09-12 00:00:00+00:00,6274.6,6350.0,6192.89,6322.45,4282.1597
2018-09-13 00:00:00+00:00,6326.83,6537.46,6324.37,6485.7,6985.3477
2018-09-14 00:00:00+00:00,6482.95,6587.0,6384.36,6476.51,4598.021
2018-09-15 00:00:00+00:00,6476.51,6570.1,6466.74,6520.15,1328.8196
2018-09-16 00:00:00+00:00,6520.15,6524.84,6349.47,6499.98,1098.628
2018-09-17 00:00:00+00:00,6499.28,6530.24,6200.0,6254.52,4386.8877
2018-09-18 00:00:00+00:00,6251.49,6390.0,6226.63,6332.34,4196.473
2018-09-19 00:00:00+00:00,6330.0,6510.0,6100.0,6388.4,7232.0835
2018-09-20 00:00:00+00:00,6388.4,6535.11,6333.63,6492.98,5177.645
2018-09-21 00:00:00+00:00,6492.98,6775.34,6483.83,6749.45,8569.986
2018-09-22 00:00:00+00:00,6748.85,6826.28,6624.79,6710.01,5491.8096
2018-09-23 00:00:00+00:00,6710.01,6774.91,6659.0,6702.22,3248.805
2018-09-24 00:00:00+00:00,6703.37,6721.68,6550.96,6581.52,4030.7256
2018-09-25 00:00:00+00:00,6578.7,6579.59,6324.96,6428.99,8206.617
2018-09-26 00:00:00+00:00,6428.09,6540.0,6379.44,6461.51,4295.927
2018-09-27 00:00:00+00:00,6454.32,6736.85,6431.95,6681.62,5664.852
2018-09-28 00:00:00+00:00,6684.5,6792.28,6525.67,6610.76,7642.0493
2018-09-29 00:00:00+00:00,6609.02,6609.02,6454.0,6579.38,3382.0159
2018-09-30 00:00:00+00:00,6574.29,6628.06,6510.0,6597.81,2482.695
2018-10-01 00:00:00+00:00,6597.79,6638.15,6477.57,6571.2,4796.04
2018-10-02 00:00:00+00:00,6571.2,6597.0,6447.28,6500.0,4116.1333
2018-10-03 00:00:00+00:00,6500.0,6510.0,6396.34,6456.77,4774.763
2018-10-04 00:00:00+00:00,6454.81,6604.89,6450.58,6547.56,3832.7004
2018-10-05 00:00:00+00:00,6548.83,6641.35,6510.0,6582.12,3807.2693
2018-10-06 00:00:00+00:00,6582.11,6595.69,6526.28,6544.08,2022.7808
2018-10-07 00:00:00+00:00,6547.93,6600.0,6493.92,6577.63,2455.6565
2018-10-08 00:00:00+00:00,6574.15,6656.63,6541.06,6604.75,4079.0442
2018-10-09 00:00:00+00:00,6604.76,6623.14,6553.13,6588.8,2254.9502
2018-10-10 00:00:00+00:00,6588.72,6589.79,6387.91,6517.55,5177.067
2018-10-11 00:00:00+00:00,6517.55,6520.43,6055.28,6152.76,9616.239
2018-10-12 00:00:00+00:00,6152.76,6243.79,6109.79,6185.15,3246.3816
2018-10-13 00:00:00+00:00,6182.03,6219.77,6168.83,6199.69,1954.0468
2018-10-14 00:00:00+00:00,6201.23,6349.47,6143.08,6183.0,2525.7383
2018-10-15 00:00:00+00:00,6185.04,6756.0,6149.28,6441.74,16895.889
2018-10-16 00:00:00+00:00,6438.2,6493.77,6386.4,6461.2,4703.0938
2018-10-17 00:00:00+00:00,6457.67,6465.39,6407.69,6437.29,2961.2634
2018-10-18 00:00:00+00:00,6440.07,6490.0,6350.0,6396.18,3823.1692
2018-10-19 00:00:00+00:00,6394.23,6412.4,6355.99,6383.46,2290.059
2018-10-20 00:00:00+00:00,6380.47,6424.16,6363.02,6412.86,1261.9785
2018-10-21 00:00:00+00:00,6412.86,6470.0,6401.01,6413.38,1541.0115
2018-10-22 00:00:00+00:00,6412.62,6429.23,6372.53,6406.06,2407.5354
2018-10-23 00:00:00+00:00,6409.39,6421.58,6354.26,6393.41,2851.0056
2018-10-24 00:00:00+00:00,6396.24,6473.0,6393.0,6411.96,3535.3381
2018-10-25 00:00:00+00:00,6411.96,6422.73,6361.73,6393.53,3046.6038
2018-10-26 00:00:00+00:00,6393.38,6450.3,6377.81,6406.1,3323.8264
2018-10-27 00:00:00+00:00,6406.1,6420.01,6381.25,6407.66,890.12714
2018-10-28 00:00:00+00:00,6407.66,6420.0,6383.0,6405.57,839.29767
2018-10-29 00:00:00+00:00,6404.27,6420.0,6208.37,6266.52,5190.822
2018-10-30 00:00:00+00:00,6266.47,6289.0,6240.0,6269.46,2523.5774
2018-10-31 00:00:00+00:00,6269.46,6350.0,6199.25,6303.27,5148.0825
2018-11-01 00:00:00+00:00,6304.5,6365.33,6288.01,6340.99,2190.9705
2018-11-02 00:00:00+00:00,6343.85,6381.25,6328.33,6350.43,2678.0696
2018-11-03 00:00:00+00:00,6350.43,6351.74,6312.48,6335.0,1084.1387
2018-11-04 00:00:00+00:00,6335.0,6475.0,6310.57,6421.76,2673.814
2018-11-05 00:00:00+00:00,6428.23,6441.43,6369.89,6403.2,2335.4888
2018-11-06 00:00:00+00:00,6404.97,6460.01,6378.24,6447.5,4270.3345
2018-11-07 00:00:00+00:00,6448.17,6544.0,6442.47,6501.0,4800.8247
2018-11-08 00:00:00+00:00,6501.0,6511.27,6388.88,6405.49,3966.9731
2018-11-09 00:00:00+00:00,6405.49,6418.18,6307.0,6325.0,3218.1292
2018-11-10 00:00:00+00:00,6325.0,6377.26,6323.0,6349.32,1523.3938
2018-11-11 00:00:00+00:00,6349.32,6365.0,6269.46,6357.54,1718.2686
2018-11-12 00:00:00+00:00,6352.57,6388.21,6298.5,6318.0,3526.039
2018-11-13 00:00:00+00:00,6318.01,6328.36,6244.35,6260.91,3630.5627
2018-11-14 00:00:00+00:00,6255.86,6298.47,5324.0,5595.91,25121.934
2018-11-15 00:00:00+00:00,5592.23,5641.0,5199.8,5585.0,19945.908
2018-11-16 00:00:00+00:00,5571.12,5610.0,5411.74,5508.71,8074.6055
2018-11-17 00:00:00+00:00,5508.71,5550.66,5452.63,5503.36,2732.7915
2018-11-18 00:00:00+00:00,5503.36,5658.47,5500.0,5559.26,2576.4553
2018-11-19 00:00:00+00:00,5553.01,5559.69,4694.44,4735.44,28910.666
2018-11-20 00:00:00+00:00,4732.92,4897.36,4048.58,4352.0,39775.39
2018-11-21 00:00:00+00:00,4349.41,4635.0,4242.33,4538.01,20678.25
2018-11-22 00:00:00+00:00,4551.47,4589.53,4194.98,4275.23,10258.462
2018-11-23 00:00:00+00:00,4268.4,4364.46,4061.02,4288.26,13322.777
2018-11-24 00:00:00+00:00,4288.25,4376.88,3638.48,3785.65,14236.744
2018-11-25 00:00:00+00:00,3780.67,4120.0,3474.73,3938.89,26969.947
2018-11-26 00:00:00+00:00,3934.22,4069.59,3522.28,3727.34,24357.883
2018-11-27 00:00:00+00:00,3727.34,3834.35,3548.76,3771.01,16814.004
2018-11-28 00:00:00+00:00,3771.01,4355.08,3771.0,4220.16,22983.713
2018-11-29 00:00:00+00:00,4219.77,4409.77,4086.97,4249.8,15944.013
2018-11-30 00:00:00+00:00,4250.0,4300.0,3861.0,3971.06,14364.621
2018-12-01 00:00:00+00:00,3970.56,4264.47,3904.34,4140.39,6412.2324
2018-12-02 00:00:00+00:00,4140.4,4265.0,4030.0,4102.05,7019.162
2018-12-03 00:00:00+00:00,4099.63,4115.15,3747.0,3834.34,10726.678
2018-12-04 00:00:00+00:00,3830.81,4033.98,3730.0,3903.52,12249.937
2018-12-05 00:00:00+00:00,3903.52,3913.62,3662.35,3696.69,13443.221
2018-12-06 00:00:00+00:00,3694.03,3844.79,3415.22,3437.26,15480.967
2018-12-07 00:00:00+00:00,3437.22,3531.0,3210.0,3380.68,26513.232
2018-12-08 00:00:00+00:00,3376.27,3495.99,3241.0,3398.8,10176.35
2018-12-09 00:00:00+00:00,3398.8,3633.2,3371.09,3529.75,8011.023
2018-12-10 00:00:00+00:00,3528.68,3588.43,3355.0,3408.0,10375.269
2018-12-11 00:00:00+00:00,3406.41,3427.27,3292.65,3353.42,8951.711
2018-12-12 00:00:00+00:00,3345.01,3490.0,3325.7,3430.18,7284.104
2018-12-13 00:00:00+00:00,3430.2,3441.13,3221.14,3262.73,11715.02
2018-12-14 00:00:00+00:00,3263.55,3294.81,3135.55,3195.75,14437.505
2018-12-15 00:00:00+00:00,3194.04,3230.0,3122.28,3179.54,5814.8687
2018-12-16 00:00:00+00:00,3180.84,3259.43,3178.23,3193.78,6033.5073
2018-12-17 00:00:00+00:00,3191.41,3590.0,3181.26,3496.73,16389.795
2018-12-18 00:00:00+00:00,3499.37,3684.0,3422.77,3667.16,13792.364
2018-12-19 00:00:00+00:00,3667.16,3924.01,3642.69,3684.5,21125.615
2018-12-20 00:00:00+00:00,3684.03,4172.07,3656.75,4073.77,25986.854
2018-12-21 00:00:00+00:00,4073.58,4162.0,3770.0,3841.08,16967.234
2018-12-22 00:00:00+00:00,3842.59,4010.16,3780.09,3980.9,7697.598
2018-12-23 00:00:00+00:00,3977.65,4051.0,3900.0,3943.83,4609.8926
2018-12-24 00:00:00+00:00,3947.82,4236.84,3944.84,4036.0,12017.917
2018-12-25 00:00:00+00:00,4034.54,4049.23,3674.73,3779.99,11801.435
2018-12-26 00:00:00+00:00,3780.0,3863.34,3678.8,3810.01,10064.183
2018-12-27 00:00:00+00:00,3810.01,3841.17,3566.0,3591.69,11850.013
2018-12-28 00:00:00+00:00,3590.26,3970.0,3575.0,3884.97,13055.719
2018-12-29 00:00:00+00:00,3884.66,3961.85,3702.51,3725.48,6901.3823
2018-12-30 00:00:00+00:00,3728.96,3870.0,3688.76,3835.79,5736.4536
2018-12-31 00:00:00+00:00,3831.03,3842.89,3630.0,3693.3,6667.1636
2019-01-01 00:00:00+00:00,3693.85,3845.46,3629.66,3823.44,5149.6064
2019-01-02 00:00:00+00:00,3825.41,3918.67,3770.0,3885.87,5534.4697
2019-01-03 00:00:00+00:00,3890.27,3893.4,3760.0,3787.81,4803.246
2019-01-04 00:00:00+00:00,3785.64,3850.33,3732.38,3817.71,7452.059
2019-01-05 00:00:00+00:00,3822.0,3887.09,3780.0,3791.84,3656.3752
2019-01-06 00:00:00+00:00,3795.38,4090.0,3753.0,4040.71,5400.715
2019-01-07 00:00:00+00:00,4040.71,4070.0,3964.01,4005.45,7445.096
2019-01-08 00:00:00+00:00,4005.0,4112.0,3934.73,3994.9,11819.986
2019-01-09 00:00:00+00:00,3994.75,4060.0,3948.44,4002.13,7390.134
2019-01-10 00:00:00+00:00,4003.09,4036.22,3503.44,3627.51,16118.421
2019-01-11 00:00:00+00:00,3627.65,3704.6,3569.85,3632.02,10571.082
2019-01-12 00:00:00+00:00,3631.0,3650.35,3557.09,3617.13,3184.3523
2019-01-13 00:00:00+00:00,3617.75,3654.02,3476.0,3515.95,5908.523
2019-01-14 00:00:00+00:00,3517.03,3714.0,3506.0,3664.28,9925.99
2019-01-15 00:00:00+00:00,3664.28,3687.02,3534.68,3576.93,8059.8174
2019-01-16 00:00:00+00:00,3576.92,3669.0,3570.48,3605.91,7675.066
2019-01-17 00:00:00+00:00,3609.5,3660.0,3534.25,3638.01,7499.5254
2019-01-18 00:00:00+00:00,3638.01,3641.9,3577.0,3609.21,5023.5103
2019-01-19 00:00:00+00:00,3609.29,3774.0,3602.6,3681.0,4080.8835
2019-01-20 00:00:00+00:00,3680.0,3703.27,3470.0,3536.72,5591.0156
2019-01-21 00:00:00+00:00,3537.42,3573.29,3485.58,3531.51,5821.9
2019-01-22 00:00:00+00:00,3531.51,3615.8,3401.36,3576.81,6877.0635
2019-01-23 00:00:00+00:00,3574.44,3620.23,3518.0,3552.32,6170.843
2019-01-24 00:00:00+00:00,3553.2,3598.0,3524.0,3570.73,4488.0146
2019-01-25 00:00:00+00:00,3570.67,3578.79,3511.0,3560.0,4961.795
2019-01-26 00:00:00+00:00,3560.94,3657.89,3536.51,3555.56,2697.8838
2019-01-27 00:00:00+00:00,3555.31,3564.12,3456.0,3533.23,3852.6597
2019-01-28 00:00:00+00:00,3532.23,3536.77,3357.3,3429.5,10345.101
2019-01-29 00:00:00+00:00,3431.43,3438.76,3322.19,3390.5,7284.3867
2019-01-30 00:00:00+00:00,3391.25,3465.05,3372.34,3437.35,5704.0234
2019-01-31 00:00:00+00:00,3438.0,3474.2,3392.6,3413.11,5951.8184
2019-02-01 00:00:00+00:00,3413.69,3460.0,3364.53,3434.83,6659.8477
2019-02-02 00:00:00+00:00,3434.83,3485.0,3406.38,3462.82,3051.9585
2019-02-03 00:00:00+00:00,3470.5,3476.33,3384.67,3414.82,2813.8923
2019-02-04 00:00:00+00:00,3413.75,3439.46,3394.85,3410.87,3244.085
2019-02-05 00:00:00+00:00,3409.81,3435.0,3396.0,3431.39,4045.6252
2019-02-06 00:00:00+00:00,3431.81,3445.6,3328.7,3364.62,6137.4062
2019-02-07 00:00:00+00:00,3364.0,3383.29,3350.0,3359.33,4293.5557
2019-02-08 00:00:00+00:00,3358.39,3711.04,3337.91,3622.94,14388.647
2019-02-09 00:00:00+00:00,3626.12,3639.74,3589.52,3622.62,4054.5046
2019-02-10 00:00:00+00:00,3622.74,3662.43,3576.16,3650.37,4155.506
2019-02-11 00:00:00+00:00,3651.32,3652.56,3578.7,3588.7,7931.4087
2019-02-12 00:00:00+00:00,3588.99,3619.93,3548.28,3585.94,10074.816
2019-02-13 00:00:00+00:00,3585.7,3629.81,3541.0,3574.93,7992.743
2019-02-14 00:00:00+00:00,3575.01,3590.74,3531.01,3560.46,5910.243
2019-02-15 00:00:00+00:00,3560.45,3620.53,3544.88,3566.29,6234.768
2019-02-16 00:00:00+00:00,3566.29,3609.0,3561.96,3579.92,3442.4763
2019-02-17 00:00:00+00:00,3580.43,3663.34,3553.98,3625.6,5012.4614
2019-02-18 00:00:00+00:00,3625.6,3916.47,3614.82,3869.8,15567.085
2019-02-19 00:00:00+00:00,3870.97,4000.0,3840.08,3888.46,12525.137
2019-02-20 00:00:00+00:00,3889.92,3967.52,3861.49,3936.53,9854.3545
2019-02-21 00:00:00+00:00,3936.8,3989.99,3866.25,3900.4,8055.799
2019-02-22 00:00:00+00:00,3900.64,3957.0,3882.59,3939.82,6593.86
2019-02-23 00:00:00+00:00,3939.83,4157.87,3905.63,4113.53,7966.3174
2019-02-24 00:00:00+00:00,4113.56,4190.0,3714.42,3730.68,13737.014
2019-02-25 00:00:00+00:00,3733.78,3861.81,3732.6,3820.71,8835.362
2019-02-26 00:00:00+00:00,3817.93,3830.0,3760.09,3795.06,6543.1646
2019-02-27 00:00:00+00:00,3794.42,3822.85,3658.19,3798.47,7602.3
2019-02-28 00:00:00+00:00,3796.49,3897.62,3755.0,3791.36,6747.8804
2019-03-01 00:00:00+00:00,3791.02,3845.3,3789.5,3807.05,4761.41
2019-03-02 00:00:00+00:00,3805.0,3818.75,3760.0,3810.46,3259.7432
2019-03-03 00:00:00+00:00,3810.47,3822.39,3756.0,3789.52,2508.0864
2019-03-04 00:00:00+00:00,3789.7,3806.9,3670.0,3698.66,7293.7197
2019-03-05 00:00:00+00:00,3698.65,3877.1,3690.0,3844.07,7280.824
2019-03-06 00:00:00+00:00,3844.07,3895.12,3808.8,3851.55,6402.6753
2019-03-07 00:00:00+00:00,3851.26,3891.04,3826.13,3856.64,7964.5083
2019-03-08 00:00:00+00:00,3856.64,3924.37,3760.1,3844.64,7707.3965
2019-03-09 00:00:00+00:00,3841.27,3950.25,3835.66,3916.43,5125.8984
2019-03-10 00:00:00+00:00,3916.42,3916.43,3862.0,3897.92,3000.6067
2019-03-11 00:00:00+00:00,3898.14,3912.89,3812.64,3849.25,6612.115
2019-03-12 00:00:00+00:00,3848.86,3877.69,3791.07,3859.74,5794.6147
2019-03-13 00:00:00+00:00,3861.37,3874.68,3820.0,3848.48,4275.54
2019-03-14 00:00:00+00:00,3848.1,3903.98,3775.01,3854.77,5167.5664
2019-03-15 00:00:00+00:00,3857.33,3912.06,3843.09,3901.21,6411.9834
2019-03-16 00:00:00+00:00,3899.19,4040.0,3899.12,3990.0,6959.478
2019-03-17 00:00:00+00:00,3990.0,3992.42,3927.28,3965.5,2711.9502
2019-03-18 00:00:00+00:00,3965.63,4016.63,3929.83,3969.59,5420.2305
2019-03-19 00:00:00+00:00,3969.94,4012.63,3947.15,3998.13,5317.4507
2019-03-20 00:00:00+00:00,3999.5,4050.0,3962.6,4031.59,6244.9536
2019-03-21 00:00:00+00:00,4033.7,4055.35,3919.63,3974.21,7561.76
2019-03-22 00:00:00+00:00,3974.5,4000.81,3958.94,3982.07,3453.369
2019-03-23 00:00:00+00:00,3980.4,4001.17,3957.11,3982.52,2259.5645
2019-03-24 00:00:00+00:00,3979.19,3980.97,3942.04,3969.99,2204.0657
2019-03-25 00:00:00+00:00,3970.23,3980.22,3850.45,3910.51,6913.367
2019-03-26 00:00:00+00:00,3910.0,3936.36,3879.5,3922.58,4315.605
2019-03-27 00:00:00+00:00,3922.58,4037.11,3912.19,4025.5,8151.6753
2019-03-28 00:00:00+00:00,4025.5,4025.56,3992.6,4012.23,3927.5469
2019-03-29 00:00:00+00:00,4011.0,4102.57,4005.0,4090.0,8391.034
2019-03-30 00:00:00+00:00,4090.0,4130.36,4040.0,4094.92,3923.1365
2019-03-31 00:00:00+00:00,4094.92,4101.7,4074.29,4096.08,2402.5881
2019-04-01 00:00:00+00:00,4092.02,4150.0,4052.56,4136.32,7232.9873
2019-04-02 00:00:00+00:00,4133.93,5080.0,4130.64,4899.63,30686.174
2019-04-03 00:00:00+00:00,4899.01,5345.0,4800.5,4978.23,29321.273
2019-04-04 00:00:00+00:00,4972.83,5077.35,4778.59,4907.94,15898.115
2019-04-05 00:00:00+00:00,4911.14,5067.62,4883.83,5039.73,13023.746
2019-04-06 00:00:00+00:00,5041.0,5240.0,4900.0,5041.39,10049.845
2019-04-07 00:00:00+00:00,5041.92,5253.49,5028.3,5190.85,10872.52
2019-04-08 00:00:00+00:00,5192.92,5347.37,5127.68,5287.88,13344.981
2019-04-09 00:00:00+00:00,5287.97,5288.95,5136.01,5192.6,9410.354
2019-04-10 00:00:00+00:00,5184.03,5466.06,5161.0,5323.47,10723.935
2019-04-11 00:00:00+00:00,5323.47,5344.31,4966.87,5040.2,15052.956
2019-04-12 00:00:00+00:00,5037.82,5122.48,4912.0,5076.35,8057.0386
2019-04-13 00:00:00+00:00,5075.74,5122.01,5033.73,5063.63,4520.437
2019-04-14 00:00:00+00:00,5064.0,5185.26,5012.73,5162.72,3443.4473
2019-04-15 00:00:00+00:00,5160.54,5192.01,4948.57,5027.31,7423.0137
2019-04-16 00:00:00+00:00,5027.33,5231.96,5014.77,5202.43,7675.4043
2019-04-17 00:00:00+00:00,5201.47,5275.07,5170.01,5233.72,6741.077
2019-04-18 00:00:00+00:00,5227.6,5325.0,5218.23,5281.58,6375.8955
2019-04-19 00:00:00+00:00,5283.0,5357.96,5180.37,5289.91,5285.6064
2019-04-20 00:00:00+00:00,5289.91,5362.97,5253.82,5318.89,3665.5696
2019-04-21 00:00:00+00:00,5318.94,5346.91,5212.8,5295.65,4631.039
2019-04-22 00:00:00+00:00,5295.96,5439.12,5249.0,5386.8,7127.112
2019-04-23 00:00:00+00:00,5388.22,5627.0,5363.24,5531.32,10132.403
2019-04-24 00:00:00+00:00,5531.29,5623.3,5372.0,5440.95,10521.038
2019-04-25 00:00:00+00:00,5440.95,5510.0,4991.42,5132.55,9893.936
2019-04-26 00:00:00+00:00,5132.5,5291.48,5046.31,5155.19,15033.102
2019-04-27 00:00:00+00:00,5154.11,5218.31,5113.0,5168.91,4041.3335
2019-04-28 00:00:00+00:00,5171.51,5213.23,5099.0,5160.98,3957.2544
2019-04-29 00:00:00+00:00,5152.98,5191.96,5071.58,5149.11,5753.615
2019-04-30 00:00:00+00:00,5150.21,5287.4,5127.05,5269.0,5055.273
2019-05-01 00:00:00+00:00,5267.86,5357.96,5263.03,5318.42,4209.284
2019-05-02 00:00:00+00:00,5322.28,5422.94,5304.99,5385.0,5908.522
2019-05-03 00:00:00+00:00,5385.0,5796.56,5363.1,5658.22,12700.589
2019-05-04 00:00:00+00:00,5659.82,5846.13,5510.0,5764.65,8525.456
2019-05-05 00:00:00+00:00,5766.46,5782.55,5624.25,5709.32,5162.562
2019-05-06 00:00:00+00:00,5714.4,5755.79,5562.44,5685.46,6826.981
2019-05-07 00:00:00+00:00,5686.88,5970.0,5686.88,5751.54,10741.562
2019-05-08 00:00:00+00:00,5751.54,5986.0,5658.66,5940.89,6320.4136
2019-05-09 00:00:00+00:00,5945.32,6172.0,5932.83,6156.7,9081.241
2019-05-10 00:00:00+00:00,6151.66,6426.8,6105.0,6342.84,13821.714
2019-05-11 00:00:00+00:00,6338.93,7445.0,6338.93,7217.47,22331.436
2019-05-12 00:00:00+00:00,7214.4,7585.0,6762.57,6974.35,27398.215
2019-05-13 00:00:00+00:00,6968.84,8167.5,6863.75,7810.05,27299.346
2019-05-14 00:00:00+00:00,7810.72,8335.56,7618.99,7986.0,18881.441
2019-05-15 00:00:00+00:00,7991.72,8300.0,7838.0,8208.69,16613.07
2019-05-16 00:00:00+00:00,8203.97,8390.95,7654.93,7880.0,17078.703
2019-05-17 00:00:00+00:00,7879.28,7942.09,6178.0,7351.71,27307.58
2019-05-18 00:00:00+00:00,7352.39,7493.85,7205.57,7260.12,7564.9
2019-05-19 00:00:00+00:00,7257.82,8299.99,7247.86,8200.0,15595.268
2019-05-20 00:00:00+00:00,8193.45,8199.97,7581.03,8005.64,13426.787
2019-05-21 00:00:00+00:00,8007.67,8117.48,7676.27,7955.16,7518.5557
2019-05-22 00:00:00+00:00,7949.18,8049.22,7505.69,7624.95,8396.822
2019-05-23 00:00:00+00:00,7622.9,7980.0,7468.31,7880.22,8370.356
2019-05-24 00:00:00+00:00,7880.4,8188.87,7795.95,7999.02,9358.972
2019-05-25 00:00:00+00:00,7999.02,8158.45,7939.76,8064.64,3361.6533
2019-05-26 00:00:00+00:00,8066.15,8802.29,7888.91,8733.26,8526.812
2019-05-27 00:00:00+00:00,8733.27,8939.18,8653.68,8770.73,8948.024
2019-05-28 00:00:00+00:00,8774.45,8817.41,8540.94,8717.96,6144.011
2019-05-29 00:00:00+00:00,8715.35,8762.39,8421.12,8663.41,7584.258
2019-05-30 00:00:00+00:00,8663.07,9096.79,8000.0,8277.76,15259.588
2019-05-31 00:00:00+00:00,8277.76,8589.99,8109.74,8547.2,9957.91
2019-06-01 00:00:00+00:00,8545.8,8624.72,8457.33,8556.27,5167.0513
2019-06-02 00:00:00+00:00,8560.1,8833.97,8546.01,8734.49,4263.036
2019-06-03 00:00:00+00:00,8735.84,8745.96,8049.22,8103.64,9955.032
2019-06-04 00:00:00+00:00,8103.63,8103.63,7432.84,7665.53,15485.702
2019-06-05 00:00:00+00:00,7673.41,7924.48,7570.9,7785.94,9193.712
2019-06-06 00:00:00+00:00,7784.62,7878.62,7449.68,7806.07,8738.666
2019-06-07 00:00:00+00:00,7801.97,8134.99,7758.93,8001.25,9012.096
2019-06-08 00:00:00+00:00,8002.68,8061.12,7777.67,7932.27,4870.1157
2019-06-09 00:00:00+00:00,7933.17,7966.58,7511.41,7632.99,3895.8481
2019-06-10 00:00:00+00:00,7629.98,8090.0,7523.16,8021.1,7150.594
2019-06-11 00:00:00+00:00,8017.99,8057.32,7713.34,7919.1,5552.688
2019-06-12 00:00:00+00:00,7915.7,8266.0,7821.73,8176.27,8577.162
2019-06-13 00:00:00+00:00,8171.12,8335.56,8049.22,8238.0,7237.8003
2019-06-14 00:00:00+00:00,8235.44,8737.37,8174.92,8697.54,8678.25
2019-06-15 00:00:00+00:00,8694.74,8911.98,8623.52,8857.19,5275.753
2019-06-16 00:00:00+00:00,8857.19,9391.85,8805.0,8974.19,15018.854
2019-06-17 00:00:00+00:00,8973.02,9477.7,8973.02,9333.48,12760.961
2019-06-18 00:00:00+00:00,9333.48,9361.87,8918.0,9078.84,11327.454
2019-06-19 00:00:00+00:00,9076.51,9325.85,9036.19,9278.27,4687.26
2019-06-20 00:00:00+00:00,9280.17,9600.0,9211.08,9534.99,7870.316
2019-06-21 00:00:00+00:00,9534.99,10229.49,9534.97,10222.12,12553.1
2019-06-22 00:00:00+00:00,10222.13,11200.0,10085.5,10661.3,13709.301
2019-06-23 00:00:00+00:00,10665.66,11247.62,10483.33,10831.95,7270.646
2019-06-24 00:00:00+00:00,10827.23,11099.0,10551.51,11029.63,8247.394
2019-06-25 00:00:00+00:00,11030.0,11796.37,11000.02,11751.01,12133.571
2019-06-26 00:00:00+00:00,11760.0,13880.0,11647.07,12920.54,37487.8
2019-06-27 00:00:00+00:00,12927.44,13355.61,10300.0,11153.74,36106.96
2019-06-28 00:00:00+00:00,11153.73,12447.46,10739.1,12354.43,18718.102
2019-06-29 00:00:00+00:00,12354.45,12386.76,11317.03,11858.62,12265.997
2019-06-30 00:00:00+00:00,11867.35,12200.06,10651.3,10760.1,12642.618
2019-07-01 00:00:00+00:00,10759.24,11200.41,9950.0,10577.43,22917.438
2019-07-02 00:00:00+00:00,10581.78,10942.63,9614.08,10828.9,20285.246
2019-07-03 00:00:00+00:00,10830.1,12009.0,10830.1,11967.43,19389.855
2019-07-04 00:00:00+00:00,11970.0,12061.04,11052.74,11146.34,11185.294
2019-07-05 00:00:00+00:00,11144.82,11440.0,10769.15,10997.84,11893.4375
2019-07-06 00:00:00+00:00,10996.82,11735.0,10982.89,11240.0,7892.1787
2019-07-07 00:00:00+00:00,11233.21,11627.0,11083.76,11469.96,6683.0557
2019-07-08 00:00:00+00:00,11478.43,12398.0,11332.19,12286.14,11901.901
2019-07-09 00:00:00+00:00,12299.94,12883.48,12030.43,12567.23,15115.553
2019-07-10 00:00:00+00:00,12574.88,13200.0,11550.0,12098.95,19838.39
2019-07-11 00:00:00+00:00,12101.44,12104.97,10966.81,11349.24,18468.686
2019-07-12 00:00:00+00:00,11352.74,11942.39,11083.52,11808.91,9176.68
2019-07-13 00:00:00+00:00,11811.08,11846.61,10810.0,11378.79,9391.354
2019-07-14 00:00:00+00:00,11382.03,11467.3,10090.0,10191.87,12170.408
2019-07-15 00:00:00+00:00,10191.87,11080.37,9855.0,10850.0,16048.027
2019-07-16 00:00:00+00:00,10848.27,11042.11,9366.0,9412.81,20761.027
2019-07-17 00:00:00+00:00,9427.45,9993.0,9049.54,9699.35,16992.785
2019-07-18 00:00:00+00:00,9712.15,10797.0,9280.33,10648.6,18289.543
2019-07-19 00:00:00+00:00,10638.44,10776.99,10102.58,10535.43,13787.456
2019-07-20 00:00:00+00:00,10533.71,11120.0,10359.17,10750.11,9964.674
2019-07-21 00:00:00+00:00,10757.15,10839.09,10325.0,10600.24,5628.1616
2019-07-22 00:00:00+00:00,10605.03,10686.89,10052.25,10328.83,9371.307
2019-07-23 00:00:00+00:00,10315.87,10327.33,9801.88,9847.02,9040.849
2019-07-24 00:00:00+00:00,9841.42,9911.5,9514.96,9763.67,9433.345
2019-07-25 00:00:00+00:00,9781.52,10187.0,9734.19,9883.96,6377.9575
2019-07-26 00:00:00+00:00,9886.08,9897.46,9650.0,9846.94,5570.1094
2019-07-27 00:00:00+00:00,9846.94,10235.0,9299.0,9481.37,9614.103
2019-07-28 00:00:00+00:00,9467.84,9634.5,9111.0,9533.19,3860.8347
2019-07-29 00:00:00+00:00,9538.73,9725.17,9360.0,9495.39,5068.6543
2019-07-30 00:00:00+00:00,9508.21,9775.0,9373.48,9593.62,5533.971
2019-07-31 00:00:00+00:00,9592.26,10143.2,9574.09,10085.34,7917.5083
2019-08-01 00:00:00+00:00,10096.01,10499.0,9878.09,10407.71,7681.7324
2019-08-02 00:00:00+00:00,10416.79,10670.0,10318.47,10529.51,9286.861
2019-08-03 00:00:00+00:00,10529.51,10919.0,10502.8,10821.52,6996.117
2019-08-04 00:00:00+00:00,10812.58,11085.99,10564.96,10986.96,7556.329
2019-08-05 00:00:00+00:00,10986.55,11959.36,10986.55,11800.0,17260.455
2019-08-06 00:00:00+00:00,11800.0,12325.0,11200.0,11470.0,16420.58
2019-08-07 00:00:00+00:00,11471.58,12145.42,11388.01,11971.57,15480.455
2019-08-08 00:00:00+00:00,11973.46,12061.1,11450.93,11983.43,10144.462
2019-08-09 00:00:00+00:00,11985.6,12040.0,11650.0,11859.32,7336.915
2019-08-10 00:00:00+00:00,11859.32,11976.68,11200.0,11273.2,7447.2485
2019-08-11 00:00:00+00:00,11273.03,11589.73,11080.37,11528.73,4361.3906
2019-08-12 00:00:00+00:00,11527.44,11551.57,11194.04,11385.11,3417.7092
2019-08-13 00:00:00+00:00,11380.61,11446.94,10738.58,10862.28,9003.179
2019-08-14 00:00:00+00:00,10862.25,10862.25,9888.57,10022.99,12678.941
2019-08-15 00:00:00+00:00,10022.5,10444.66,9467.57,10301.44,15083.173
2019-08-16 00:00:00+00:00,10294.9,10540.0,9736.96,10354.34,11080.399
2019-08-17 00:00:00+00:00,10351.18,10472.93,9974.51,10210.89,3907.5283
2019-08-18 00:00:00+00:00,10221.94,10515.0,10065.41,10318.99,3398.42
2019-08-19 00:00:00+00:00,10318.99,10940.0,10267.56,10927.3,8044.0215
2019-08-20 00:00:00+00:00,10927.3,10955.48,10549.74,10772.22,5883.6
2019-08-21 00:00:00+00:00,10778.75,10807.54,9853.45,10134.75,9812.622
2019-08-22 00:00:00+00:00,10123.56,10238.29,9755.53,10112.01,6710.3066
2019-08-23 00:00:00+00:00,10112.45,10479.0,10051.0,10401.6,5557.2915
2019-08-24 00:00:00+00:00,10401.87,10432.0,9885.48,10149.7,5106.5566
2019-08-25 00:00:00+00:00,10149.38,10355.89,9907.86,10136.75,3953.3953
2019-08-26 00:00:00+00:00,10136.75,10650.0,10136.75,10360.97,7166.6753
2019-08-27 00:00:00+00:00,10355.11,10375.53,10019.1,10167.29,4781.335
2019-08-28 00:00:00+00:00,10171.39,10280.71,9555.0,9711.78,9303.156
2019-08-29 00:00:00+00:00,9720.2,9720.2,9320.0,9490.0,7717.1064
2019-08-30 00:00:00+00:00,9490.56,9700.0,9350.1,9579.75,5317.3096
2019-08-31 00:00:00+00:00,9569.3,9682.73,9443.19,9594.15,1572.1554
2019-09-01 00:00:00+00:00,9593.5,9832.0,9538.75,9767.53,1799.3672
2019-09-02 00:00:00+00:00,9767.56,10471.0,9753.24,10384.48,6144.799
2019-09-03 00:00:00+00:00,10384.07,10783.0,10286.0,10617.61,11443.538
2019-09-04 00:00:00+00:00,10617.72,10834.15,10378.7,10586.26,10088.724
2019-09-05 00:00:00+00:00,10586.26,10664.13,10461.97,10573.66,4555.6245
2019-09-06 00:00:00+00:00,10573.04,10949.0,10204.18,10311.09,10701.51
2019-09-07 00:00:00+00:00,10309.04,10580.0,10297.58,10484.39,3148.509
2019-09-08 00:00:00+00:00,10497.57,10594.88,10229.49,10400.18,3130.861
2019-09-09 00:00:00+00:00,10387.33,10542.93,10060.0,10307.45,6059.7627
2019-09-10 00:00:00+00:00,10317.62,10390.09,9910.0,10096.0,4658.9214
2019-09-11 00:00:00+00:00,10093.39,10243.01,9855.11,10154.46,4614.3486
2019-09-12 00:00:00+00:00,10163.81,10465.0,10027.52,10420.34,4719.047
2019-09-13 00:00:00+00:00,10423.99,10458.13,10153.87,10368.65,3755.4175
2019-09-14 00:00:00+00:00,10365.81,10441.47,10217.01,10355.37,2656.1545
2019-09-15 00:00:00+00:00,10362.52,10383.2,10258.49,10305.74,2297.7227
2019-09-16 00:00:00+00:00,10305.74,10378.07,10060.95,10269.98,5496.0376
2019-09-17 00:00:00+00:00,10257.2,10280.53,10130.59,10195.73,5078.5986
2019-09-18 00:00:00+00:00,10182.96,10263.65,10080.0,10152.09,3952.0068
2019-09-19 00:00:00+00:00,10161.59,10380.07,9600.0,10271.53,7455.9116
2019-09-20 00:00:00+00:00,10284.72,10308.04,10055.0,10169.02,4463.382
2019-09-21 00:00:00+00:00,10169.02,10180.43,9913.35,9985.28,4148.9
2019-09-22 00:00:00+00:00,9973.0,10093.24,9842.35,10020.58,3213.954
2019-09-23 00:00:00+00:00,10022.38,10048.06,9606.0,9682.19,5447.9634
2019-09-24 00:00:00+00:00,9685.69,9782.0,7998.0,8536.82,28154.414
2019-09-25 00:00:00+00:00,8536.71,8746.83,8216.0,8432.16,17435.867
2019-09-26 00:00:00+00:00,8443.44,8467.89,7733.99,8055.03,16662.32
2019-09-27 00:00:00+00:00,8055.25,8294.04,7866.0,8187.72,10165.853
2019-09-28 00:00:00+00:00,8199.96,8356.4,8009.84,8218.07,6315.4897
2019-09-29 00:00:00+00:00,8218.07,8244.07,7902.66,8047.6,5366.571
2019-09-30 00:00:00+00:00,8060.13,8368.5,7714.7,8298.45,9518.992
2019-10-01 00:00:00+00:00,8304.47,8531.25,8195.42,8319.01,10224.592
2019-10-02 00:00:00+00:00,8326.41,8393.39,8170.91,8373.42,4952.534
2019-10-03 00:00:00+00:00,8377.68,8419.23,8029.14,8239.92,8701.12
2019-10-04 00:00:00+00:00,8243.39,8244.93,7986.65,8152.07,6278.7812
2019-10-05 00:00:00+00:00,8157.89,8195.0,8016.26,8145.17,4445.104
2019-10-06 00:00:00+00:00,8150.73,8176.46,7772.71,7854.12,6454.5356
2019-10-07 00:00:00+00:00,7863.75,8313.7,7763.54,8205.53,9363.327
2019-10-08 00:00:00+00:00,8211.04,8344.12,8109.74,8178.54,3577.723
2019-10-09 00:00:00+00:00,8185.85,8707.8,8110.0,8586.34,11634.194
2019-10-10 00:00:00+00:00,8586.57,8666.84,8450.61,8582.11,7435.432
2019-10-11 00:00:00+00:00,8589.08,8820.0,8222.88,8265.55,7824.5874
2019-10-12 00:00:00+00:00,8265.16,8427.76,8254.68,8303.43,1828.8331
2019-10-13 00:00:00+00:00,8303.43,8474.48,8132.91,8282.96,4445.2837
2019-10-14 00:00:00+00:00,8278.39,8416.67,8215.41,8362.99,4294.6074
2019-10-15 00:00:00+00:00,8353.33,8420.85,8086.0,8155.13,5044.661
2019-10-16 00:00:00+00:00,8162.45,8179.1,7912.66,7995.89,8644.4
2019-10-17 00:00:00+00:00,7995.73,8130.71,7936.71,8073.32,5395.886
2019-10-18 00:00:00+00:00,8069.26,8120.77,7811.62,7955.08,5611.0938
2019-10-19 00:00:00+00:00,7950.48,8096.76,7875.0,7960.49,3461.1252
2019-10-20 00:00:00+00:00,7965.39,8314.77,7874.68,8235.74,6358.925
2019-10-21 00:00:00+00:00,8236.49,8352.0,8156.0,8213.65,4919.7344
2019-10-22 00:00:00+00:00,8206.53,8314.77,7989.15,8025.9,5678.9346
2019-10-23 00:00:00+00:00,8021.57,8052.04,7293.55,7470.77,13306.183
2019-10-24 00:00:00+00:00,7470.77,7512.0,7356.0,7435.0,4997.423
2019-10-25 00:00:00+00:00,7427.0,8784.29,7393.14,8662.66,19113.795
2019-10-26 00:00:00+00:00,8677.09,10350.0,8642.46,9252.75,38751.8
2019-10-27 00:00:00+00:00,9262.72,9819.92,9092.66,9557.08,17783.025
2019-10-28 00:00:00+00:00,9547.32,9950.0,9177.84,9216.44,14722.019
2019-10-29 00:00:00+00:00,9216.39,9573.35,9051.48,9426.94,9059.611
2019-10-30 00:00:00+00:00,9426.94,9437.06,8985.25,9159.94,8814.438
2019-10-31 00:00:00+00:00,9169.55,9438.61,8961.53,9150.07,10113.159
2019-11-01 00:00:00+00:00,9158.08,9303.53,9054.6,9250.45,6640.5522
2019-11-02 00:00:00+00:00,9250.7,9396.91,9201.19,9304.75,2701.137
2019-11-03 00:00:00+00:00,9304.75,9384.32,9067.0,9207.0,2539.2183
2019-11-04 00:00:00+00:00,9207.0,9586.5,9122.33,9410.76,4962.4424
2019-11-05 00:00:00+00:00,9410.76,9485.0,9165.2,9320.14,4979.579
2019-11-06 00:00:00+00:00,9319.1,9448.19,9254.68,9344.78,4670.235
2019-11-07 00:00:00+00:00,9346.02,9373.48,9080.0,9199.36,3975.9766
2019-11-08 00:00:00+00:00,9209.3,9253.39,8661.0,8767.37,9699.747
2019-11-09 00:00:00+00:00,8760.38,8876.94,8720.0,8812.21,2271.5178
2019-11-10 00:00:00+00:00,8806.85,9142.33,8750.85,9024.49,2663.2783
2019-11-11 00:00:00+00:00,9029.88,9075.32,8593.0,8720.36,6392.975
2019-11-12 00:00:00+00:00,8720.36,8872.47,8549.0,8813.91,4721.9062
2019-11-13 00:00:00+00:00,8817.0,8839.46,8700.0,8755.24,3185.821
2019-11-14 00:00:00+00:00,8765.53,8791.78,8555.0,8636.9,3412.806
2019-11-15 00:00:00+00:00,8632.07,8799.03,8363.0,8463.49,5213.701
2019-11-16 00:00:00+00:00,8459.38,8539.53,8423.0,8484.63,1180.5734
2019-11-17 00:00:00+00:00,8485.61,8631.6,8375.0,8499.31,2074.0078
2019-11-18 00:00:00+00:00,8499.53,8508.4,8010.7,8170.65,4825.656
2019-11-19 00:00:00+00:00,8176.9,8197.77,7989.15,8121.63,4412.3945
2019-11-20 00:00:00+00:00,8124.08,8231.04,8027.28,8088.44,2996.006
2019-11-21 00:00:00+00:00,8085.54,8116.92,7394.09,7611.51,9375.0
2019-11-22 00:00:00+00:00,7612.23,7714.7,6785.0,7285.85,20120.146
2019-11-23 00:00:00+00:00,7276.21,7356.49,7102.16,7320.39,5550.472
2019-11-24 00:00:00+00:00,7330.98,7349.68,6861.96,6908.36,6047.0176
2019-11-25 00:00:00+00:00,6900.9,7380.0,6515.0,7122.14,18716.602
2019-11-26 00:00:00+00:00,7127.12,7344.91,7018.78,7159.22,7643.8496
2019-11-27 00:00:00+00:00,7168.74,7676.27,6847.72,7527.84,15156.992
2019-11-28 00:00:00+00:00,7517.82,7659.92,7372.19,7436.72,6925.585
2019-11-29 00:00:00+00:00,7429.32,7870.35,7411.17,7753.69,7658.8716
2019-11-30 00:00:00+00:00,7753.69,7815.0,7452.08,7550.67,5446.2734
2019-12-01 00:00:00+00:00,7560.2,7560.2,7233.87,7412.66,5477.973
2019-12-02 00:00:00+00:00,7411.75,7431.07,7140.08,7309.64,4324.3003
2019-12-03 00:00:00+00:00,7317.94,7415.0,7238.04,7300.43,2552.2024
2019-12-04 00:00:00+00:00,7299.2,7772.71,7087.09,7197.78,7737.3916
2019-12-05 00:00:00+00:00,7199.58,7500.0,7150.06,7390.42,4641.757
2019-12-06 00:00:00+00:00,7397.35,7618.99,7305.56,7541.79,4167.24
2019-12-07 00:00:00+00:00,7535.46,7638.88,7486.7,7502.65,2034.5737
2019-12-08 00:00:00+00:00,7505.86,7580.0,7382.69,7524.26,1798.7704
2019-12-09 00:00:00+00:00,7516.8,7666.0,7268.03,7340.52,6582.47
2019-12-10 00:00:00+00:00,7332.05,7400.0,7150.23,7216.07,4090.6208
2019-12-11 00:00:00+00:00,7224.5,7271.0,7122.28,7207.42,3419.939
2019-12-12 00:00:00+00:00,7208.95,7296.19,7072.2,7188.42,4376.889
2019-12-13 00:00:00+00:00,7185.15,7302.35,7179.65,7257.47,3178.0786
2019-12-14 00:00:00+00:00,7255.94,7269.0,7007.48,7059.03,2012.3489
2019-12-15 00:00:00+00:00,7066.35,7225.23,7007.0,7115.08,1848.3457
2019-12-16 00:00:00+00:00,7115.08,7147.91,6820.0,6882.19,5923.0557
2019-12-17 00:00:00+00:00,6882.08,6938.77,6550.0,6612.3,7107.2563
2019-12-18 00:00:00+00:00,6619.53,7449.68,6425.0,7286.91,12873.635
2019-12-19 00:00:00+00:00,7286.91,7372.12,7000.0,7149.57,5936.556
2019-12-20 00:00:00+00:00,7157.53,7218.11,7072.61,7194.11,3201.6638
2019-12-21 00:00:00+00:00,7194.13,7194.13,7109.73,7147.4,1689.082
2019-12-22 00:00:00+00:00,7147.4,7530.0,7124.52,7509.7,3796.226
2019-12-23 00:00:00+00:00,7521.88,7692.98,7247.86,7316.17,6710.7676
2019-12-24 00:00:00+00:00,7317.47,7431.1,7156.0,7251.52,4194.59
2019-12-25 00:00:00+00:00,7247.45,7266.81,7110.73,7195.79,1504.5275
2019-12-26 00:00:00+00:00,7195.8,7432.0,7150.0,7188.3,3116.747
2019-12-27 00:00:00+00:00,7195.17,7255.37,7052.0,7246.0,4024.5708
2019-12-28 00:00:00+00:00,7247.7,7349.65,7231.0,7296.24,1579.7028
2019-12-29 00:00:00+00:00,7297.43,7524.46,7274.43,7385.54,2583.8513
2019-12-30 00:00:00+00:00,7372.79,7384.9,7199.0,7220.24,3722.9133
2019-12-31 00:00:00+00:00,7222.74,7302.35,7112.55,7168.36,2638.6914
2020-01-01 00:00:00+00:00,7160.69,7237.35,7150.0,7178.68,1119.1097
2020-01-02 00:00:00+00:00,7174.7,7184.94,6900.0,6950.56,3972.708
2020-01-03 00:00:00+00:00,6945.7,7402.31,6853.53,7338.91,8072.729
2020-01-04 00:00:00+00:00,7332.58,7396.1,7256.03,7344.48,3256.7373
2020-01-05 00:00:00+00:00,7356.05,7495.0,7310.0,7356.7,2707.274
2020-01-06 00:00:00+00:00,7352.12,7817.0,7342.46,7762.74,6728.2827
2020-01-07 00:00:00+00:00,7768.17,8220.0,7697.03,8159.01,12158.323
2020-01-08 00:00:00+00:00,8151.79,8463.57,7872.09,8044.44,11913.232
2020-01-09 00:00:00+00:00,8048.94,8048.94,7737.97,7806.78,5957.244
2020-01-10 00:00:00+00:00,7812.7,8200.0,7667.0,8200.0,8999.988
2020-01-11 00:00:00+00:00,8200.0,8286.0,8000.0,8016.22,3788.3274
2020-01-12 00:00:00+00:00,8008.1,8190.0,7960.0,8180.76,2056.0867
2020-01-13 00:00:00+00:00,8180.75,8196.81,8039.0,8105.01,4011.439
2020-01-14 00:00:00+00:00,8105.01,8895.0,8105.01,8813.04,17009.432
2020-01-15 00:00:00+00:00,8813.2,8903.2,8555.0,8809.17,8606.884
2020-01-16 00:00:00+00:00,8810.62,8852.35,8573.91,8710.15,6713.2583
2020-01-17 00:00:00+00:00,8715.39,9015.22,8661.52,8892.63,9363.159
2020-01-18 00:00:00+00:00,8898.03,9000.1,8798.9,8908.53,3678.0093
2020-01-19 00:00:00+00:00,8901.02,9188.1,8461.38,8696.6,8785.45
2020-01-20 00:00:00+00:00,8698.97,8740.54,8507.93,8625.17,4420.198
2020-01-21 00:00:00+00:00,8629.66,8778.66,8480.0,8717.89,3394.6892
2020-01-22 00:00:00+00:00,8728.47,8792.98,8567.68,8655.93,3143.812
2020-01-23 00:00:00+00:00,8661.63,8665.95,8280.0,8378.44,8611.011
2020-01-24 00:00:00+00:00,8382.08,8530.7,8212.9,8422.13,6430.43
2020-01-25 00:00:00+00:00,8435.83,8437.47,8252.72,8329.5,2812.79
2020-01-26 00:00:00+00:00,8320.0,8600.0,8276.22,8590.48,6340.586
2020-01-27 00:00:00+00:00,8600.0,9004.35,8546.55,8894.54,9619.774
2020-01-28 00:00:00+00:00,8894.57,9413.24,8876.0,9400.0,9565.56
2020-01-29 00:00:00+00:00,9386.57,9443.96,9215.5,9289.18,6481.916
2020-01-30 00:00:00+00:00,9280.83,9570.0,9166.07,9500.0,7945.1587
2020-01-31 00:00:00+00:00,9510.84,9529.35,9195.93,9327.85,5009.6226
2020-02-01 00:00:00+00:00,9339.26,9464.16,9280.33,9377.17,1669.0024
2020-02-02 00:00:00+00:00,9379.6,9474.28,9135.0,9329.39,3015.7915
2020-02-03 00:00:00+00:00,9309.69,9615.0,9211.07,9288.09,4758.1333
2020-02-04 00:00:00+00:00,9281.0,9348.6,9075.0,9159.37,4867.2256
2020-02-05 00:00:00+00:00,9168.49,9775.0,9142.52,9618.42,8063.968
2020-02-06 00:00:00+00:00,9617.84,9859.57,9521.0,9754.63,7554.489
2020-02-07 00:00:00+00:00,9754.63,9878.0,9706.94,9803.42,4013.491
2020-02-08 00:00:00+00:00,9803.71,9948.97,9658.58,9902.0,3268.7356
2020-02-09 00:00:00+00:00,9907.7,10178.54,9885.04,10173.97,4830.338
2020-02-10 00:00:00+00:00,10173.51,10199.85,9731.2,9850.01,7560.668
2020-02-11 00:00:00+00:00,9851.99,10383.9,9706.94,10268.98,8127.596
2020-02-12 00:00:00+00:00,10270.98,10495.0,10247.35,10348.78,6553.4097
2020-02-13 00:00:00+00:00,10348.78,10500.5,10068.0,10228.67,9347.451
2020-02-14 00:00:00+00:00,10229.19,10398.0,10093.26,10364.04,6190.3774
2020-02-15 00:00:00+00:00,10364.04,10408.04,9739.0,9899.78,5762.306
2020-02-16 00:00:00+00:00,9909.71,10051.24,9598.49,9912.89,4133.4766
2020-02-17 00:00:00+00:00,9925.96,9973.45,9467.57,9697.15,5913.205
2020-02-18 00:00:00+00:00,9725.57,10288.0,9602.6,10185.17,6754.354
2020-02-19 00:00:00+00:00,10190.3,10300.0,9312.0,9595.72,9936.82
2020-02-20 00:00:00+00:00,9589.1,9706.27,9396.91,9612.76,6608.491
2020-02-21 00:00:00+00:00,9610.4,9773.2,9562.6,9696.13,4271.4707
2020-02-22 00:00:00+00:00,9696.13,9722.39,9568.51,9668.13,2096.5635
2020-02-23 00:00:00+00:00,9664.08,10024.08,9664.08,9965.21,3329.2244
2020-02-24 00:00:00+00:00,9969.79,10027.66,9480.0,9652.58,5877.008
2020-02-25 00:00:00+00:00,9664.87,9682.73,9234.21,9305.4,6280.003
2020-02-26 00:00:00+00:00,9305.4,9369.99,8627.78,8779.36,11564.198
2020-02-27 00:00:00+00:00,8778.37,8974.75,8520.0,8816.5,9273.903
2020-02-28 00:00:00+00:00,8816.5,8900.94,8421.49,8703.84,6546.9814
2020-02-29 00:00:00+00:00,8710.0,8805.06,8525.0,8527.74,2338.0679
2020-03-01 00:00:00+00:00,8525.0,8756.11,8410.0,8528.95,4156.572
2020-03-02 00:00:00+00:00,8516.0,8980.34,8486.72,8917.34,6186.861
2020-03-03 00:00:00+00:00,8917.34,8921.8,8660.04,8755.45,4629.972
2020-03-04 00:00:00+00:00,8755.45,8850.0,8663.76,8753.28,3353.2324
2020-03-05 00:00:00+00:00,8757.79,9169.0,8757.79,9066.65,6448.6855
2020-03-06 00:00:00+00:00,9059.0,9187.85,8990.01,9153.79,4136.4233
2020-03-07 00:00:00+00:00,9154.1,9219.13,8859.49,8893.93,2805.5916
2020-03-08 00:00:00+00:00,8901.12,8901.12,7995.48,8033.7,9068.891
2020-03-09 00:00:00+00:00,8035.79,8191.13,7636.0,7936.25,12177.395
2020-03-10 00:00:00+00:00,7937.2,8158.42,7733.99,7885.92,8274.954
2020-03-11 00:00:00+00:00,7893.63,7988.78,7591.99,7934.57,7289.6113
2020-03-12 00:00:00+00:00,7956.29,7969.9,4776.59,4841.67,58513.39
2020-03-13 00:00:00+00:00,4841.67,5990.35,3850.0,5622.74,54419.64
2020-03-14 00:00:00+00:00,5623.16,5663.01,5051.0,5169.37,15370.868
2020-03-15 00:00:00+00:00,5167.38,5965.77,5092.34,5343.64,16589.305
2020-03-16 00:00:00+00:00,5353.04,5353.04,4435.89,5033.42,34905.465
2020-03-17 00:00:00+00:00,5051.41,5569.9,4936.0,5324.99,17517.842
2020-03-18 00:00:00+00:00,5340.95,5452.43,5006.87,5406.92,22559.23
2020-03-19 00:00:00+00:00,5413.0,6433.98,5266.38,6181.18,24783.734
2020-03-20 00:00:00+00:00,6192.94,7139.0,5670.0,6210.14,30082.502
2020-03-21 00:00:00+00:00,6207.66,6461.91,5866.44,6187.78,11796.727
2020-03-22 00:00:00+00:00,6199.17,6419.0,5705.0,5813.15,10813.385
2020-03-23 00:00:00+00:00,5816.57,6629.79,5686.34,6493.51,19053.805
2020-03-24 00:00:00+00:00,6494.7,6893.0,6400.01,6768.64,19719.094
2020-03-25 00:00:00+00:00,6768.64,6989.04,6457.17,6692.22,16675.734
2020-03-26 00:00:00+00:00,6695.47,6798.89,6528.07,6760.72,7393.707
2020-03-27 00:00:00+00:00,6765.15,6872.67,6210.0,6376.03,10816.285
2020-03-28 00:00:00+00:00,6376.03,6376.03,6030.51,6253.08,11613.494
2020-03-29 00:00:00+00:00,6275.11,6278.24,5869.0,5870.9,9298.939
2020-03-30 00:00:00+00:00,5878.47,6630.0,5856.0,6407.77,14974.444
2020-03-31 00:00:00+00:00,6408.95,6527.24,6337.42,6421.14,6342.2983
2020-04-01 00:00:00+00:00,6428.74,6710.21,6137.71,6652.07,11319.147
2020-04-02 00:00:00+00:00,6669.95,7236.39,6575.13,6801.99,17212.82
2020-04-03 00:00:00+00:00,6789.63,7047.96,6610.0,6742.57,10570.106
2020-04-04 00:00:00+00:00,6737.36,7014.0,6655.54,6879.61,6018.5156
2020-04-05 00:00:00+00:00,6887.22,6914.01,6678.51,6775.2,3981.9768
2020-04-06 00:00:00+00:00,6780.57,7376.59,6773.75,7352.43,13683.038
2020-04-07 00:00:00+00:00,7335.85,7469.0,7077.0,7202.73,11669.015
2020-04-08 00:00:00+00:00,7204.78,7428.95,7152.0,7367.36,8720.211
2020-04-09 00:00:00+00:00,7370.85,7376.59,7107.38,7293.93,8324.922
2020-04-10 00:00:00+00:00,7299.12,7306.1,6750.15,6877.03,10727.867
2020-04-11 00:00:00+00:00,6866.03,6955.59,6771.24,6883.18,3326.6748
2020-04-12 00:00:00+00:00,6882.75,7201.76,6790.74,6908.24,7264.5195
2020-04-13 00:00:00+00:00,6908.21,6914.01,6542.91,6864.22,10837.574
2020-04-14 00:00:00+00:00,6864.66,6991.0,6766.96,6879.75,7275.6865
2020-04-15 00:00:00+00:00,6868.88,6940.0,6598.55,6619.0,8109.7324
2020-04-16 00:00:00+00:00,6619.0,7224.18,6472.67,7111.67,15726.696
2020-04-17 00:00:00+00:00,7121.35,7158.22,6995.39,7024.19,8539.618
2020-04-18 00:00:00+00:00,7020.13,7306.15,7020.13,7262.26,5102.5024
2020-04-19 00:00:00+00:00,7265.94,7276.21,7057.46,7126.4,4662.192
2020-04-20 00:00:00+00:00,7124.27,7220.0,6757.75,6841.0,11365.01
2020-04-21 00:00:00+00:00,6833.0,6950.98,6774.48,6854.98,5570.956
2020-04-22 00:00:00+00:00,6850.6,7171.26,6819.59,7137.79,6273.4062
2020-04-23 00:00:00+00:00,7138.29,7756.69,7031.07,7484.58,14779.548
2020-04-24 00:00:00+00:00,7494.2,7612.91,7391.57,7505.53,7357.1064
2020-04-25 00:00:00+00:00,7518.81,7723.77,7432.8,7547.56,3800.8276
2020-04-26 00:00:00+00:00,7547.56,7718.0,7485.0,7701.73,5247.541
2020-04-27 00:00:00+00:00,7708.87,7813.68,7637.03,7786.41,6878.0225
2020-04-28 00:00:00+00:00,7794.22,7798.42,7650.0,7767.79,7248.956
2020-04-29 00:00:00+00:00,7762.07,8970.0,7717.14,8790.32,26396.098
2020-04-30 00:00:00+00:00,8789.79,9485.26,8407.0,8627.32,24057.74
2020-05-01 00:00:00+00:00,8629.72,9075.0,8616.17,8832.44,11379.686
2020-05-02 00:00:00+00:00,8836.0,9022.0,8760.0,8983.79,5524.267
2020-05-03 00:00:00+00:00,8982.56,9207.82,8723.78,8915.98,9218.274
2020-05-04 00:00:00+00:00,8924.14,8974.34,8528.42,8882.87,10018.975
2020-05-05 00:00:00+00:00,8889.24,9120.0,8760.1,9034.85,9592.135
2020-05-06 00:00:00+00:00,9040.0,9417.95,8921.03,9154.32,15110.941
2020-05-07 00:00:00+00:00,9163.63,10074.0,9030.03,10000.0,25012.9
2020-05-08 00:00:00+00:00,10008.19,10048.38,9725.0,9801.35,19203.484
2020-05-09 00:00:00+00:00,9809.04,9914.0,9515.4,9546.56,11278.634
2020-05-10 00:00:00+00:00,9527.31,9565.2,8109.0,8731.17,31639.428
2020-05-11 00:00:00+00:00,8740.88,9182.97,8181.0,8571.98,34465.188
2020-05-12 00:00:00+00:00,8574.19,8984.87,8534.97,8825.46,14010.261
2020-05-13 00:00:00+00:00,8816.99,9418.46,8804.47,9315.5,12762.852
2020-05-14 00:00:00+00:00,9323.73,9945.34,9254.85,9793.5,19936.186
2020-05-15 00:00:00+00:00,9809.91,9844.66,9112.0,9306.21,17324.145
2020-05-16 00:00:00+00:00,9307.43,9590.0,9216.08,9389.07,6170.096
2020-05-17 00:00:00+00:00,9377.79,9894.88,9326.53,9665.7,9515.794
2020-05-18 00:00:00+00:00,9672.95,9966.12,9451.2,9721.91,12362.327
2020-05-19 00:00:00+00:00,9730.0,9903.89,9455.05,9787.65,12149.686
2020-05-20 00:00:00+00:00,9776.3,9843.87,9100.0,9516.51,12351.428
2020-05-21 00:00:00+00:00,9505.61,9573.29,8800.0,9062.47,16879.828
2020-05-22 00:00:00+00:00,9062.25,9272.97,8924.91,9171.96,7261.284
2020-05-23 00:00:00+00:00,9171.96,9316.12,9084.83,9183.46,3477.2786
2020-05-24 00:00:00+00:00,9183.93,9310.91,8669.0,8718.77,8855.478
2020-05-25 00:00:00+00:00,8710.12,8984.16,8630.0,8903.56,8919.924
2020-05-26 00:00:00+00:00,8903.22,9012.0,8690.0,8840.91,5923.0054
2020-05-27 00:00:00+00:00,8835.79,9230.21,8810.99,9210.0,6867.671
2020-05-28 00:00:00+00:00,9209.99,9625.01,9105.79,9577.38,11523.409
2020-05-29 00:00:00+00:00,9581.49,9610.0,9330.0,9421.04,7226.774
2020-05-30 00:00:00+00:00,9428.52,9758.27,9326.28,9705.1,6781.842
2020-05-31 00:00:00+00:00,9705.1,9711.7,9373.96,9446.19,5697.9985
2020-06-01 00:00:00+00:00,9444.61,10429.26,9416.5,10203.64,12109.142
2020-06-02 00:00:00+00:00,10203.64,10241.26,9135.68,9525.73,22725.12
2020-06-03 00:00:00+00:00,9522.52,9699.95,9380.99,9668.99,6928.763
2020-06-04 00:00:00+00:00,9668.0,9888.0,9430.0,9791.92,8938.769
2020-06-05 00:00:00+00:00,9791.0,9856.48,9592.74,9619.99,7157.371
2020-06-06 00:00:00+00:00,9616.17,9744.39,9525.76,9669.85,4047.2693
2020-06-07 00:00:00+00:00,9673.08,9829.31,9356.0,9750.04,6762.6514
2020-06-08 00:00:00+00:00,9759.04,9813.67,9645.0,9783.0,5379.078
2020-06-09 00:00:00+00:00,9786.64,9897.46,9566.81,9776.84,6922.798
2020-06-10 00:00:00+00:00,9782.3,10011.4,9578.0,9894.32,7107.201
2020-06-11 00:00:00+00:00,9894.32,9981.24,9078.91,9264.26,16389.445
2020-06-12 00:00:00+00:00,9265.95,9555.0,9230.0,9463.07,6934.1353
2020-06-13 00:00:00+00:00,9465.92,9500.0,9345.71,9473.46,2938.6821
2020-06-14 00:00:00+00:00,9478.93,9479.59,9235.01,9329.99,3477.2524
2020-06-15 00:00:00+00:00,9329.99,9505.4,8900.0,9435.15,11765.113
2020-06-16 00:00:00+00:00,9435.41,9596.31,9374.9,9530.3,6864.2183
2020-06-17 00:00:00+00:00,9530.3,9566.53,9230.32,9461.29,5902.366
2020-06-18 00:00:00+00:00,9459.82,9478.69,9250.0,9374.78,3997.013
2020-06-19 00:00:00+00:00,9374.83,9429.99,9225.15,9304.32,5305.9077
2020-06-20 00:00:00+00:00,9287.6,9400.0,9138.0,9355.46,3071.794
2020-06-21 00:00:00+00:00,9355.93,9421.26,9271.52,9283.03,1435.2119
2020-06-22 00:00:00+00:00,9287.89,9798.76,9267.2,9683.12,6615.6455
2020-06-23 00:00:00+00:00,9688.26,9725.3,9571.0,9622.81,4866.1147
2020-06-24 00:00:00+00:00,9617.88,9666.35,9193.99,9286.06,10072.575
2020-06-25 00:00:00+00:00,9286.3,9343.49,8989.0,9239.48,8701.246
2020-06-26 00:00:00+00:00,9237.98,9289.71,9024.61,9158.26,7912.384
2020-06-27 00:00:00+00:00,9158.13,9189.0,8830.63,9009.3,4399.6763
2020-06-28 00:00:00+00:00,9008.33,9191.72,8933.06,9118.01,3231.8574
2020-06-29 00:00:00+00:00,9118.8,9240.36,9014.92,9188.88,4942.7256
2020-06-30 00:00:00+00:00,9187.85,9201.95,9060.0,9132.96,2781.6313
2020-07-01 00:00:00+00:00,9136.89,9300.0,9089.8,9233.38,4321.5654
2020-07-02 00:00:00+00:00,9233.38,9268.54,8939.0,9092.92,6866.049
2020-07-03 00:00:00+00:00,9091.68,9127.11,9027.17,9063.08,3510.0034
2020-07-04 00:00:00+00:00,9053.87,9196.0,9045.94,9138.52,2180.3723
2020-07-05 00:00:00+00:00,9142.16,9147.37,8905.0,9076.82,3067.878
2020-07-06 00:00:00+00:00,9077.18,9376.34,9060.5,9348.22,5361.353
2020-07-07 00:00:00+00:00,9346.9,9385.81,9201.78,9257.16,4702.8257
2020-07-08 00:00:00+00:00,9257.21,9479.57,9228.91,9437.16,6275.547
2020-07-09 00:00:00+00:00,9441.76,9448.5,9157.11,9234.9,4575.4487
2020-07-10 00:00:00+00:00,9234.91,9318.92,9053.14,9283.53,3910.327
2020-07-11 00:00:00+00:00,9291.0,9304.95,9180.0,9238.3,1453.1654
2020-07-12 00:00:00+00:00,9234.07,9347.76,9153.48,9306.17,2037.1536
2020-07-13 00:00:00+00:00,9304.94,9351.17,9190.49,9233.1,3875.173
2020-07-14 00:00:00+00:00,9234.19,9282.08,9095.0,9251.59,4479.9106
2020-07-15 00:00:00+00:00,9256.33,9276.98,9153.38,9190.07,3810.0483
2020-07-16 00:00:00+00:00,9191.0,9217.5,9026.51,9132.87,5541.854
2020-07-17 00:00:00+00:00,9134.44,9184.28,9073.53,9156.5,3593.497
2020-07-18 00:00:00+00:00,9150.51,9214.63,9122.72,9177.43,1358.2853
2020-07-19 00:00:00+00:00,9175.7,9243.36,9106.3,9211.99,1585.3992
2020-07-20 00:00:00+00:00,9213.15,9224.73,9128.21,9162.43,3064.8074
2020-07-21 00:00:00+00:00,9161.77,9442.89,9152.23,9391.25,5559.474
2020-07-22 00:00:00+00:00,9395.98,9573.0,9280.8,9539.51,5520.7627
2020-07-23 00:00:00+00:00,9537.23,9690.0,9453.38,9617.2,10413.944
2020-07-24 00:00:00+00:00,9614.85,9650.55,9474.35,9547.91,8012.9053
2020-07-25 00:00:00+00:00,9549.34,9751.82,9532.79,9710.98,5065.4497
2020-07-26 00:00:00+00:00,9712.45,10200.0,9657.0,9944.65,9090.214
2020-07-27 00:00:00+00:00,9944.65,11417.11,9933.77,11046.19,27736.832
2020-07-28 00:00:00+00:00,11049.4,11263.85,10583.48,10939.27,17062.373
2020-07-29 00:00:00+00:00,10931.91,11358.47,10855.81,11111.17,12452.863
2020-07-30 00:00:00+00:00,11105.01,11189.0,10832.0,11112.12,10456.848
2020-07-31 00:00:00+00:00,11110.84,11457.95,10973.8,11356.74,10417.508
2020-08-01 00:00:00+00:00,11357.98,11883.36,11228.0,11817.49,11195.808
2020-08-02 00:00:00+00:00,11808.21,12100.0,10559.59,11071.66,12656.411
2020-08-03 00:00:00+00:00,11074.92,11480.0,10933.26,11236.39,6984.671
2020-08-04 00:00:00+00:00,11236.39,11420.0,11000.79,11192.42,5522.1104
2020-08-05 00:00:00+00:00,11193.48,11795.86,11094.35,11755.24,7514.7915
2020-08-06 00:00:00+00:00,11759.9,11913.5,11575.57,11770.08,9855.994
2020-08-07 00:00:00+00:00,11770.26,11920.0,11219.0,11600.85,10503.361
2020-08-08 00:00:00+00:00,11601.75,11817.95,11527.0,11776.9,3983.7488
2020-08-09 00:00:00+00:00,11767.93,11808.28,11527.92,11683.03,2649.4893
2020-08-10 00:00:00+00:00,11684.6,12080.0,11510.0,11895.12,7701.728
2020-08-11 00:00:00+00:00,11896.37,11945.05,11130.0,11392.64,10470.688
2020-08-12 00:00:00+00:00,11386.5,11625.0,11150.0,11565.35,5668.6016
2020-08-13 00:00:00+00:00,11567.74,11806.61,11270.91,11793.26,6839.5513
2020-08-14 00:00:00+00:00,11797.55,11862.0,11652.01,11779.77,5526.7964
2020-08-15 00:00:00+00:00,11771.97,11986.93,11667.7,11852.2,3983.176
2020-08-16 00:00:00+00:00,11858.6,11938.55,11685.97,11914.02,2494.17
2020-08-17 00:00:00+00:00,11916.83,12473.0,11771.44,12298.38,9778.328
2020-08-18 00:00:00+00:00,12301.27,12408.53,11823.0,11958.1,8818.1875
2020-08-19 00:00:00+00:00,11950.0,12022.18,11574.4,11757.55,9401.501
2020-08-20 00:00:00+00:00,11762.18,11894.12,11675.29,11859.37,4191.758
2020-08-21 00:00:00+00:00,11857.18,11887.67,11485.49,11531.74,6391.1797
2020-08-22 00:00:00+00:00,11527.81,11694.02,11367.0,11667.7,3401.4219
2020-08-23 00:00:00+00:00,11678.17,11715.09,11524.7,11644.65,1632.871
2020-08-24 00:00:00+00:00,11653.7,11832.55,11588.61,11761.8,2887.058
2020-08-25 00:00:00+00:00,11750.4,11772.22,11112.75,11328.88,7073.694
2020-08-26 00:00:00+00:00,11328.5,11549.8,11250.14,11469.3,4273.08
2020-08-27 00:00:00+00:00,11462.91,11602.92,11122.72,11330.0,7796.156
2020-08-28 00:00:00+00:00,11332.26,11555.61,11277.95,11536.58,6046.4976
2020-08-29 00:00:00+00:00,11538.74,11592.0,11423.64,11471.71,2095.936
2020-08-30 00:00:00+00:00,11471.71,11715.69,11458.62,11708.97,2328.657
2020-08-31 00:00:00+00:00,11713.11,11780.0,11573.39,11655.0,4534.2183
2020-09-01 00:00:00+00:00,11658.48,12065.82,11515.0,11923.96,7960.8223
2020-09-02 00:00:00+00:00,11919.53,11956.45,11155.32,11398.44,13056.073
2020-09-03 00:00:00+00:00,11395.1,11477.35,9987.86,10160.0,18554.73
2020-09-04 00:00:00+00:00,10160.0,10646.75,9902.43,10456.32,17415.36
2020-09-05 00:00:00+00:00,10460.2,10567.9,9850.0,10167.19,12165.473
2020-09-06 00:00:00+00:00,10165.47,10353.39,10000.0,10260.17,5121.252
2020-09-07 00:00:00+00:00,10258.43,10415.66,9880.0,10377.14,8725.092
2020-09-08 00:00:00+00:00,10377.5,10446.18,9825.07,10123.96,10560.875
2020-09-09 00:00:00+00:00,10126.01,10353.39,9981.38,10232.8,5872.2197
2020-09-10 00:00:00+00:00,10221.76,10495.75,10220.0,10342.59,10223.191
2020-09-11 00:00:00+00:00,10341.38,10409.44,10200.5,10393.04,5245.7427
2020-09-12 00:00:00+00:00,10400.46,10482.42,10275.0,10443.33,2509.2397
2020-09-13 00:00:00+00:00,10446.4,10576.78,10214.9,10334.78,4325.1055
2020-09-14 00:00:00+00:00,10338.82,10765.03,10250.13,10675.15,7325.2324
2020-09-15 00:00:00+00:00,10671.4,10940.01,10611.17,10783.83,6456.663
2020-09-16 00:00:00+00:00,10785.0,11100.0,10662.81,10951.54,8300.24
2020-09-17 00:00:00+00:00,10950.15,11054.0,10739.23,10940.47,5525.7173
2020-09-18 00:00:00+00:00,10947.35,11040.18,10816.54,10931.2,4398.9243
2020-09-19 00:00:00+00:00,10935.49,11183.01,10890.53,11077.22,2253.3516
2020-09-20 00:00:00+00:00,11077.22,11079.25,10755.9,10923.5,3250.0176
2020-09-21 00:00:00+00:00,10921.53,10996.98,10286.56,10411.29,9948.021
2020-09-22 00:00:00+00:00,10418.83,10573.05,10353.39,10534.31,4800.5986
2020-09-23 00:00:00+00:00,10525.72,10541.39,10138.3,10233.42,5711.361
2020-09-24 00:00:00+00:00,10236.86,10795.53,10193.2,10744.02,6703.919
2020-09-25 00:00:00+00:00,10738.46,10762.65,10553.14,10689.81,6346.7236
2020-09-26 00:00:00+00:00,10694.23,10830.0,10655.29,10729.09,2550.3164
2020-09-27 00:00:00+00:00,10731.09,10807.14,10593.58,10780.66,2286.8616
2020-09-28 00:00:00+00:00,10779.99,10950.0,10628.52,10689.48,4991.571
2020-09-29 00:00:00+00:00,10681.41,10865.0,10636.66,10836.42,4029.3918
2020-09-30 00:00:00+00:00,10840.0,10847.5,10658.56,10778.22,4304.6226
2020-10-01 00:00:00+00:00,10780.83,10940.22,10437.08,10622.71,8678.348
2020-10-02 00:00:00+00:00,10611.17,10667.53,10380.0,10578.54,8333.459
2020-10-03 00:00:00+00:00,10571.6,10605.79,10500.0,10553.66,1134.7977
2020-10-04 00:00:00+00:00,10543.17,10699.88,10524.81,10669.63,1057.7753
2020-10-05 00:00:00+00:00,10666.16,10805.82,10620.71,10795.0,3618.0154
2020-10-06 00:00:00+00:00,10797.36,10801.86,10525.0,10606.33,4800.6953
2020-10-07 00:00:00+00:00,10602.31,10682.56,10547.71,10669.14,5560.249
2020-10-08 00:00:00+00:00,10669.1,10957.0,10535.06,10925.2,6969.041
2020-10-09 00:00:00+00:00,10927.02,11118.49,10826.4,11052.0,5355.3394
2020-10-10 00:00:00+00:00,11060.46,11496.06,11059.62,11301.2,3270.3704
2020-10-11 00:00:00+00:00,11300.97,11447.44,11272.11,11372.93,2177.651
2020-10-12 00:00:00+00:00,11372.48,11731.7,11175.99,11535.98,7088.228
2020-10-13 00:00:00+00:00,11539.42,11567.4,11314.53,11427.98,5097.961
2020-10-14 00:00:00+00:00,11440.28,11555.1,11287.42,11428.84,3788.2507
2020-10-15 00:00:00+00:00,11430.49,11623.6,11250.01,11511.11,4864.4297
2020-10-16 00:00:00+00:00,11506.53,11548.65,11200.0,11321.86,4309.2246
2020-10-17 00:00:00+00:00,11331.88,11415.48,11264.01,11365.8,1124.4202
2020-10-18 00:00:00+00:00,11365.8,11526.34,11352.79,11519.97,1047.1687
2020-10-19 00:00:00+00:00,11518.58,11840.0,11409.94,11764.14,5459.934
2020-10-20 00:00:00+00:00,11759.2,12059.94,11680.0,11921.11,5859.8374
2020-10-21 00:00:00+00:00,11921.33,13235.0,11899.1,12802.67,20093.615
2020-10-22 00:00:00+00:00,12802.63,13208.25,12686.73,12983.26,9277.5625
2020-10-23 00:00:00+00:00,12983.26,13037.26,12729.82,12941.59,4996.398
2020-10-24 00:00:00+00:00,12940.03,13182.83,12887.38,13122.73,2820.8232
2020-10-25 00:00:00+00:00,13122.73,13363.53,12903.74,13039.09,3658.6028
2020-10-26 00:00:00+00:00,13041.12,13250.0,12773.5,13066.73,5725.196
2020-10-27 00:00:00+00:00,13065.1,13788.0,13057.09,13647.9,11242.755
2020-10-28 00:00:00+00:00,13642.31,13864.89,12892.0,13274.73,10670.864
2020-10-29 00:00:00+00:00,13275.82,13650.0,12993.0,13468.44,8894.957
2020-10-30 00:00:00+00:00,13456.14,13675.56,13129.26,13562.13,8981.12
2020-10-31 00:00:00+00:00,13569.42,14100.0,13420.97,13816.08,6337.393
2020-11-01 00:00:00+00:00,13799.44,13907.47,13629.31,13762.0,2534.0857
2020-11-02 00:00:00+00:00,13762.0,13842.5,13220.0,13563.72,7065.411
2020-11-03 00:00:00+00:00,13578.82,14083.76,13287.7,14041.58,7225.866
2020-11-04 00:00:00+00:00,14041.58,14277.5,13520.87,14160.59,10926.327
2020-11-05 00:00:00+00:00,14168.49,15770.58,14100.0,15605.04,18422.633
2020-11-06 00:00:00+00:00,15608.32,15968.98,15196.01,15598.09,13479.467
2020-11-07 00:00:00+00:00,15603.28,15778.6,14351.0,14838.97,10933.924
2020-11-08 00:00:00+00:00,14829.32,15664.9,14727.19,15489.15,5046.499
2020-11-09 00:00:00+00:00,15484.68,15854.48,14824.66,15332.04,14466.079
2020-11-10 00:00:00+00:00,15349.32,15482.76,15092.47,15313.65,8966.481
2020-11-11 00:00:00+00:00,15314.94,15991.01,15290.85,15707.89,10013.265
2020-11-12 00:00:00+00:00,15702.0,16369.99,15481.0,16300.0,16261.472
2020-11-13 00:00:00+00:00,16300.0,16494.52,15970.33,16335.58,7843.224
2020-11-14 00:00:00+00:00,16339.06,16341.89,15715.1,16086.34,5046.3267
2020-11-15 00:00:00+00:00,16092.8,16170.0,15786.46,15975.49,3225.7053
2020-11-16 00:00:00+00:00,15975.49,16894.93,15875.5,16724.62,7511.715
2020-11-17 00:00:00+00:00,16727.85,17868.0,16570.0,17680.63,9824.738
2020-11-18 00:00:00+00:00,17681.77,18483.0,17041.47,17785.95,15717.921
2020-11-19 00:00:00+00:00,17792.96,18189.97,17346.62,17825.47,10506.696
2020-11-20 00:00:00+00:00,17822.37,18824.88,17755.81,18687.65,10020.014
2020-11-21 00:00:00+00:00,18685.08,18977.0,18333.45,18725.0,5937.5054
2020-11-22 00:00:00+00:00,18726.43,18770.55,17600.0,18435.2,6417.218
2020-11-23 00:00:00+00:00,18432.6,18786.31,18001.95,18383.35,9412.087
2020-11-24 00:00:00+00:00,18386.92,19442.13,18068.56,19160.85,13262.831
2020-11-25 00:00:00+00:00,19175.13,19490.0,18470.91,18732.43,8962.622
2020-11-26 00:00:00+00:00,18727.24,18911.04,16218.0,17160.09,21424.986
2020-11-27 00:00:00+00:00,17168.31,17471.89,16435.47,17154.39,8964.832
2020-11-28 00:00:00+00:00,17160.38,17896.03,16875.01,17741.79,4471.522
2020-11-29 00:00:00+00:00,17724.41,18352.47,17534.87,18192.03,3736.1592
2020-11-30 00:00:00+00:00,18196.75,19864.15,18196.75,19700.19,10612.671
2020-12-01 00:00:00+00:00,19703.53,19918.01,18100.0,18771.43,11799.59
2020-12-02 00:00:00+00:00,18773.21,19346.9,18334.0,19226.55,6749.364
2020-12-03 00:00:00+00:00,19220.09,19621.0,18881.62,19448.4,6196.525
2020-12-04 00:00:00+00:00,19439.94,19552.5,18573.89,18673.76,6261.697
2020-12-05 00:00:00+00:00,18650.08,19185.17,18500.0,19162.16,2376.7231
2020-12-06 00:00:00+00:00,19162.17,19418.39,18870.62,19380.58,2503.4543
2020-12-07 00:00:00+00:00,19385.13,19431.0,18905.0,19173.5,4323.2705
2020-12-08 00:00:00+00:00,19183.13,19300.55,18163.52,18316.43,5979.9663
2020-12-09 00:00:00+00:00,18311.31,18654.92,17640.33,18556.64,8906.945
2020-12-10 00:00:00+00:00,18546.38,18562.13,17908.0,18250.3,6784.4556
2020-12-11 00:00:00+00:00,18250.3,18290.43,17569.58,18040.02,6687.923
2020-12-12 00:00:00+00:00,18031.23,18956.46,18022.55,18815.63,3515.3271
2020-12-13 00:00:00+00:00,18806.83,19416.64,18628.1,19162.36,4251.9614
2020-12-14 00:00:00+00:00,19151.82,19346.9,18979.21,19274.33,3618.377
2020-12-15 00:00:00+00:00,19274.33,19567.84,19050.0,19434.87,6750.772
2020-12-16 00:00:00+00:00,19434.55,21576.76,19277.66,21365.7,14974.622
2020-12-17 00:00:00+00:00,21358.96,23777.0,21244.04,22814.24,22626.693
2020-12-18 00:00:00+00:00,22829.89,23284.68,22360.93,23136.14,11360.339
2020-12-19 00:00:00+00:00,23142.05,24217.38,22719.78,23842.99,8672.038
2020-12-20 00:00:00+00:00,23842.38,24298.04,23092.77,23470.85,5095.9624
2020-12-21 00:00:00+00:00,23470.85,24123.83,21864.86,22732.01,12675.128
2020-12-22 00:00:00+00:00,22750.07,23843.21,22383.59,23835.1,9367.609
2020-12-23 00:00:00+00:00,23819.08,24096.9,22624.92,23247.71,11541.97
2020-12-24 00:00:00+00:00,23215.0,23779.14,22700.1,23726.28,7185.482
2020-12-25 00:00:00+00:00,23747.22,24777.0,23403.82,24705.15,6469.229
2020-12-26 00:00:00+00:00,24714.01,26809.5,24485.32,26466.28,7491.462
2020-12-27 00:00:00+00:00,26472.89,28377.94,25770.0,26259.6,13234.334
2020-12-28 00:00:00+00:00,26242.82,27473.49,26079.6,27037.91,7987.778
2020-12-29 00:00:00+00:00,27037.9,27395.0,25831.85,27370.0,9577.278
2020-12-30 00:00:00+00:00,27370.0,29010.32,27328.37,28881.3,11741.733
2020-12-31 00:00:00+00:00,28893.21,29300.0,27930.75,28992.79,9477.677
2021-01-01 00:00:00+00:00,28999.63,29700.0,28720.0,29402.64,8781.466
2021-01-02 00:00:00+00:00,29410.77,33333.0,29050.0,32216.53,17867.879
2021-01-03 00:00:00+00:00,32216.51,34800.0,31977.45,33097.83,14160.581
2021-01-04 00:00:00+00:00,33068.83,33669.76,27734.0,32005.88,22446.94
2021-01-05 00:00:00+00:00,32054.23,34500.0,29936.26,34039.05,14806.496
2021-01-06 00:00:00+00:00,34081.24,37050.83,33348.27,36849.94,19219.287
2021-01-07 00:00:00+00:00,36875.96,40402.46,36327.5,39510.49,23102.262
2021-01-08 00:00:00+00:00,39510.59,42000.0,36618.36,40667.07,22183.951
2021-01-09 00:00:00+00:00,40682.76,41422.77,38788.16,40239.06,8535.848
2021-01-10 00:00:00+00:00,40239.06,41450.0,34322.07,38173.73,16218.997
2021-01-11 00:00:00+00:00,38164.88,38261.39,30261.13,35455.58,40786.965
2021-01-12 00:00:00+00:00,35449.71,36639.23,32479.91,34035.02,18267.875
2021-01-13 00:00:00+00:00,34035.02,37800.0,32327.76,37393.49,13662.388
2021-01-14 00:00:00+00:00,37393.49,40112.78,36717.23,39134.35,10923.505
2021-01-15 00:00:00+00:00,39147.98,39694.0,34380.0,36756.57,13499.117
2021-01-16 00:00:00+00:00,36778.66,37944.12,35350.0,36000.0,7688.5825
2021-01-17 00:00:00+00:00,36013.51,36839.0,33833.55,35819.25,6821.7124
2021-01-18 00:00:00+00:00,35826.36,37449.86,34777.85,36616.95,6251.2144
2021-01-19 00:00:00+00:00,36665.82,37874.71,35888.0,35917.62,6578.8584
2021-01-20 00:00:00+00:00,35888.13,36440.1,33400.0,35496.91,12160.468
2021-01-21 00:00:00+00:00,35516.17,35620.96,30044.16,30818.18,21214.64
2021-01-22 00:00:00+00:00,30817.86,33864.85,28800.0,32992.06,17019.584
2021-01-23 00:00:00+00:00,32989.1,33468.46,31426.11,32117.49,5255.746
2021-01-24 00:00:00+00:00,32098.38,33075.75,30960.77,32288.83,4658.7095
2021-01-25 00:00:00+00:00,32289.06,34888.0,31939.12,32261.22,10038.756
2021-01-26 00:00:00+00:00,32264.15,32953.28,30847.4,32504.53,11554.911
2021-01-27 00:00:00+00:00,32521.65,32580.12,29150.49,30424.62,22403.707
2021-01-28 00:00:00+00:00,30427.34,33870.58,29899.99,33484.87,17879.357
2021-01-29 00:00:00+00:00,33488.66,38620.0,31990.0,34249.64,31439.62
2021-01-30 00:00:00+00:00,34265.71,34931.39,32860.0,34323.0,7281.2856
2021-01-31 00:00:00+00:00,34300.19,34380.21,32193.7,33141.38,4750.123
2021-02-01 00:00:00+00:00,33110.32,34736.1,32333.01,33532.74,8374.057
2021-02-02 00:00:00+00:00,33497.16,36008.67,33431.67,35522.16,7225.865
2021-02-03 00:00:00+00:00,35496.91,37732.87,35382.45,37691.63,8777.333
2021-02-04 00:00:00+00:00,37693.0,38748.52,36197.65,36996.32,11762.803
2021-02-05 00:00:00+00:00,36984.28,38359.69,36618.36,38320.0,5211.975
2021-02-06 00:00:00+00:00,38320.0,41025.48,38230.81,39282.1,8635.66
2021-02-07 00:00:00+00:00,39274.8,39727.44,37412.93,38858.39,5973.24
2021-02-08 00:00:00+00:00,38870.36,46712.12,38050.97,46416.45,19053.713
2021-02-09 00:00:00+00:00,46445.51,48216.09,45000.0,46505.2,12505.082
2021-02-10 00:00:00+00:00,46493.9,47364.09,43746.06,44854.63,9483.329
2021-02-11 00:00:00+00:00,44854.63,48696.84,44040.96,47981.48,9390.816
2021-02-12 00:00:00+00:00,48044.88,49000.0,46231.16,47395.84,5970.1357
2021-02-13 00:00:00+00:00,47424.25,48220.0,46133.0,47228.48,4271.6724
2021-02-14 00:00:00+00:00,47258.66,49714.66,47081.02,48662.5,5201.694
2021-02-15 00:00:00+00:00,48620.48,49048.82,45914.75,47942.57,6924.334
2021-02-16 00:00:00+00:00,47954.05,50602.53,47036.02,49166.53,8376.076
2021-02-17 00:00:00+00:00,49136.7,52640.0,48896.19,52174.28,9571.648
2021-02-18 00:00:00+00:00,52141.23,52566.98,50869.61,51579.54,6330.143
2021-02-19 00:00:00+00:00,51560.46,56399.99,50627.32,55988.58,9229.782
2021-02-20 00:00:00+00:00,56000.59,57553.81,54000.0,55936.04,5187.2505
2021-02-21 00:00:00+00:00,55919.75,58354.14,55537.99,57492.91,3562.9695
2021-02-22 00:00:00+00:00,57485.74,57564.19,47400.0,54173.65,17002.832
2021-02-23 00:00:00+00:00,54173.64,54196.58,44845.72,48887.93,17766.398
2021-02-24 00:00:00+00:00,48927.33,51459.51,47000.0,49754.0,8774.367
2021-02-25 00:00:00+00:00,49715.13,52079.16,46723.0,47088.58,7920.693
2021-02-26 00:00:00+00:00,47070.18,48476.62,44151.97,46314.83,8126.2275
2021-02-27 00:00:00+00:00,46324.15,48365.31,45050.0,46109.98,3071.5684
2021-02-28 00:00:00+00:00,46142.1,46659.88,43021.0,45240.96,6668.918
2021-03-01 00:00:00+00:00,45261.56,49831.52,45020.25,49629.33,8512.76
2021-03-02 00:00:00+00:00,49641.89,50250.0,47069.52,48516.35,4945.7886
2021-03-03 00:00:00+00:00,48438.0,52652.82,48168.45,50379.68,6151.4873
2021-03-04 00:00:00+00:00,50376.05,51817.54,47500.0,48360.5,5641.6123
2021-03-05 00:00:00+00:00,48353.09,49471.24,46294.0,48739.21,5219.247
2021-03-06 00:00:00+00:00,48774.67,49200.0,47082.29,48904.63,2141.0603
2021-03-07 00:00:00+00:00,48933.12,51477.53,48933.12,50967.3,2818.45
2021-03-08 00:00:00+00:00,50952.55,52427.8,49316.98,52427.8,4419.561
2021-03-09 00:00:00+00:00,52427.8,54939.26,51857.0,54929.02,5428.892
2021-03-10 00:00:00+00:00,54927.29,57402.89,53010.0,55852.29,6916.2783
2021-03-11 00:00:00+00:00,55918.09,58155.99,54269.0,57772.09,6640.488
2021-03-12 00:00:00+00:00,57847.92,58098.5,55011.0,57271.04,5232.3105
2021-03-13 00:00:00+00:00,57297.67,61781.83,56080.96,61165.19,6187.834
2021-03-14 00:00:00+00:00,61177.03,61700.0,58959.57,59016.39,3274.122
2021-03-15 00:00:00+00:00,58956.9,60595.13,54555.0,55644.37,7725.214
2021-03-16 00:00:00+00:00,55616.42,56950.0,53221.0,56908.34,7733.2266
2021-03-17 00:00:00+00:00,56928.38,58968.8,54124.0,58901.8,5840.077
2021-03-18 00:00:00+00:00,58939.73,60083.25,57000.0,57648.05,5516.464
2021-03-19 00:00:00+00:00,57648.01,59450.95,56279.34,58072.0,3523.4824
2021-03-20 00:00:00+00:00,58029.94,59957.0,57815.61,58138.39,2382.9456
2021-03-21 00:00:00+00:00,58072.87,58632.52,55500.0,57381.79,3628.7979
2021-03-22 00:00:00+00:00,57410.54,58461.78,53715.0,54070.92,6566.967
2021-03-23 00:00:00+00:00,54117.71,55866.44,52933.03,54361.57,4996.464
2021-03-24 00:00:00+00:00,54360.07,57207.33,51638.76,52287.52,6867.5645
2021-03-25 00:00:00+00:00,52281.77,53271.59,50360.0,51326.11,6682.617
2021-03-26 00:00:00+00:00,51292.65,55114.86,51263.38,55081.37,4874.251
2021-03-27 00:00:00+00:00,55081.26,56686.15,53948.35,55839.42,2609.9675
2021-03-28 00:00:00+00:00,55817.85,56573.04,54677.51,55790.92,2073.4492
2021-03-29 00:00:00+00:00,55790.28,58402.68,54892.42,57600.1,5360.426
2021-03-30 00:00:00+00:00,57623.66,59388.66,57011.0,58760.59,3392.3386
2021-03-31 00:00:00+00:00,58767.75,59816.17,56713.45,58782.58,4595.2524
2021-04-01 00:00:00+00:00,58789.96,59490.0,57935.42,58728.53,2786.5808
2021-04-02 00:00:00+00:00,58744.0,60103.04,58450.0,59003.6,2564.6
2021-04-03 00:00:00+00:00,58967.61,59801.39,56922.0,57064.42,1663.2683
2021-04-04 00:00:00+00:00,57064.13,58501.0,56466.25,58212.18,1440.6318
2021-04-05 00:00:00+00:00,58213.69,59280.0,56800.0,59125.0,2402.437
2021-04-06 00:00:00+00:00,59135.36,59473.9,57216.0,58018.3,2711.398
2021-04-07 00:00:00+00:00,58024.9,58668.0,55441.93,55932.83,5454.5767
2021-04-08 00:00:00+00:00,55912.38,58145.49,55680.4,58096.6,4586.807
2021-04-09 00:00:00+00:00,58066.18,58890.25,57657.43,58109.56,2660.6482
2021-04-10 00:00:00+00:00,58129.02,61222.22,57870.0,59766.93,3917.951
2021-04-11 00:00:00+00:00,59773.19,60679.0,59165.15,59979.26,1822.7205
2021-04-12 00:00:00+00:00,59972.26,61234.56,59361.11,59831.66,3707.4365
2021-04-13 00:00:00+00:00,59814.87,63769.0,59780.0,63564.48,5711.527
2021-04-14 00:00:00+00:00,63605.69,64895.22,61327.0,62986.09,6002.8936
2021-04-15 00:00:00+00:00,62954.2,63855.37,61998.9,63239.19,3433.4495
2021-04-16 00:00:00+00:00,63247.24,63580.4,60042.04,61436.24,5778.817
2021-04-17 00:00:00+00:00,61436.23,62596.48,59676.67,60032.29,3091.4836
2021-04-18 00:00:00+00:00,60048.82,60433.81,51541.16,56280.6,12869.859
2021-04-19 00:00:00+00:00,56260.83,57633.0,54252.88,55694.55,5791.2393
2021-04-20 00:00:00+00:00,55694.55,57119.0,53400.0,56503.19,5863.883
2021-04-21 00:00:00+00:00,56493.02,56850.0,53628.79,53806.24,4578.2573
2021-04-22 00:00:00+00:00,53823.48,55491.8,50450.01,51683.95,7838.9565
2021-04-23 00:00:00+00:00,51693.98,52131.34,47555.0,51176.65,11649.319
2021-04-24 00:00:00+00:00,51177.77,51227.38,48713.34,50118.94,3445.1365
2021-04-25 00:00:00+00:00,50126.34,50608.94,47004.2,49128.43,4167.4355
2021-04-26 00:00:00+00:00,49122.75,54404.78,48823.01,54073.41,6046.797
2021-04-27 00:00:00+00:00,54015.32,55519.37,53325.75,55091.39,4111.125
2021-04-28 00:00:00+00:00,55094.73,56500.0,53811.49,54901.97,4542.51
2021-04-29 00:00:00+00:00,54898.45,55239.33,52379.9,53593.97,4172.677
2021-04-30 00:00:00+00:00,53585.93,58008.0,53087.15,57775.27,4809.182
2021-05-01 00:00:00+00:00,57790.66,58549.0,57049.63,57851.91,2248.5554
2021-05-02 00:00:00+00:00,57893.01,57967.01,56064.51,56622.66,1887.0842
2021-05-03 00:00:00+00:00,56599.91,59000.0,56500.0,57222.37,3636.5173
2021-05-04 00:00:00+00:00,57227.64,57250.85,53080.69,53236.84,5747.194
2021-05-05 00:00:00+00:00,53221.75,57976.62,52924.5,57509.93,5504.558
2021-05-06 00:00:00+00:00,57517.08,58420.83,55283.0,56447.39,5144.2334
2021-05-07 00:00:00+00:00,56425.82,58743.85,55288.11,57381.73,4234.7095
2021-05-08 00:00:00+00:00,57371.02,59564.24,56977.5,58984.75,2928.9934
2021-05-09 00:00:00+00:00,58964.89,59300.62,56256.0,58305.24,2589.6257
2021-05-10 00:00:00+00:00,58336.16,59603.0,53500.0,55880.72,6589.4272
2021-05-11 00:00:00+00:00,55854.43,56972.33,54500.0,56763.7,4203.169
2021-05-12 00:00:00+00:00,56763.7,58021.26,48530.0,49386.56,6367.354
2021-05-13 00:00:00+00:00,49419.44,51420.72,45700.0,49694.96,9096.384
2021-05-14 00:00:00+00:00,49711.64,51572.0,48875.69,49880.43,4011.0818
2021-05-15 00:00:00+00:00,49883.89,50710.93,46448.53,46708.89,3613.9285
2021-05-16 00:00:00+00:00,46753.4,49800.0,43769.4,46444.75,5750.083
2021-05-17 00:00:00+00:00,46446.42,46648.5,42100.0,43593.39,12262.723
2021-05-18 00:00:00+00:00,43581.27,45872.05,42023.69,42877.75,6275.914
2021-05-19 00:00:00+00:00,42900.85,43601.63,30066.0,36780.43,32468.863
2021-05-20 00:00:00+00:00,36793.39,43000.0,35000.0,40640.9,14703.03
2021-05-21 00:00:00+00:00,40566.13,42297.89,33520.0,37335.16,13106.841
2021-05-22 00:00:00+00:00,37318.43,38887.99,35260.0,37500.54,5720.0054
2021-05-23 00:00:00+00:00,37474.34,38311.74,31107.46,34706.79,9376.292
2021-05-24 00:00:00+00:00,34735.35,39960.0,34426.21,38839.86,10213.184
2021-05-25 00:00:00+00:00,38848.36,40000.0,36486.85,38397.72,5765.347
2021-05-26 00:00:00+00:00,38385.87,40904.0,37859.74,39309.56,4205.613
2021-05-27 00:00:00+00:00,39299.46,40429.47,37212.9,38503.47,4113.438
2021-05-28 00:00:00+00:00,38578.5,38905.12,34710.23,35692.46,6167.0205
2021-05-29 00:00:00+00:00,35691.36,37348.01,33650.0,34632.08,4457.1675
2021-05-30 00:00:00+00:00,34644.09,36516.99,33425.0,35677.72,2979.7197
2021-05-31 00:00:00+00:00,35675.3,37540.96,34195.2,37341.41,4383.7925
2021-06-01 00:00:00+00:00,37279.89,37927.44,35699.98,36693.3,4348.7544
2021-06-02 00:00:00+00:00,36693.3,38256.3,35933.19,37589.36,4270.1035
2021-06-03 00:00:00+00:00,37585.12,39490.0,37176.06,39219.88,4058.9429
2021-06-04 00:00:00+00:00,39242.94,39277.36,35576.67,36887.32,5786.186
2021-06-05 00:00:00+00:00,36851.58,37927.93,34849.65,35532.14,4106.3486
2021-06-06 00:00:00+00:00,35532.59,36510.58,35250.0,35808.85,2526.7336
2021-06-07 00:00:00+00:00,35810.69,36808.3,33321.09,33582.62,4913.04
2021-06-08 00:00:00+00:00,33567.51,34085.61,31025.0,33411.69,9044.648
2021-06-09 00:00:00+00:00,33413.19,37556.25,32423.72,37400.0,8539.587
2021-06-10 00:00:00+00:00,37414.64,38446.24,35824.69,36707.54,5761.725
2021-06-11 00:00:00+00:00,36724.97,37680.65,35958.49,37341.11,3741.2305
2021-06-12 00:00:00+00:00,37338.91,37445.55,34630.0,35542.76,3727.9524
2021-06-13 00:00:00+00:00,35563.66,39386.43,34783.9,39013.76,3601.9177
2021-06-14 00:00:00+00:00,39035.52,41050.0,38758.4,40532.79,6281.281
2021-06-15 00:00:00+00:00,40544.19,41341.57,39526.47,40171.47,4078.802
2021-06-16 00:00:00+00:00,40166.93,40506.59,38095.41,38353.99,4008.513
2021-06-17 00:00:00+00:00,38361.38,39553.05,37350.0,38097.68,3569.2527
2021-06-18 00:00:00+00:00,38110.25,38208.68,35143.68,35840.0,4240.405
2021-06-19 00:00:00+00:00,35849.18,36440.0,34718.21,35507.06,3129.3347
2021-06-20 00:00:00+00:00,35494.7,36125.0,33337.0,35589.77,3958.1182
2021-06-21 00:00:00+00:00,35598.66,35763.8,31238.69,31634.16,8580.0625
2021-06-22 00:00:00+00:00,31628.83,33315.85,28600.0,32545.26,9778.517
2021-06-23 00:00:00+00:00,32547.57,35000.0,31670.89,33652.28,5855.5815
2021-06-24 00:00:00+00:00,33693.99,35289.0,32314.37,34649.32,4725.827
2021-06-25 00:00:00+00:00,34652.68,35517.22,31271.02,31597.75,5099.2637
2021-06-26 00:00:00+00:00,31595.95,32714.46,30082.79,32269.38,3300.1602
2021-06-27 00:00:00+00:00,32293.98,34772.94,32015.82,34699.5,3260.5654
2021-06-28 00:00:00+00:00,34716.02,35357.13,33878.23,34487.11,3369.9937
2021-06-29 00:00:00+00:00,34494.42,36623.79,34240.0,35907.93,3179.5078
2021-06-30 00:00:00+00:00,35900.05,36099.82,34049.36,35037.23,3381.0454
2021-07-01 00:00:00+00:00,35059.71,35071.34,32700.88,33564.21,3118.7632
2021-07-02 00:00:00+00:00,33537.11,33981.51,32700.05,33811.56,2086.8389
2021-07-03 00:00:00+00:00,33810.46,34959.72,33333.1,34688.3,1244.497
2021-07-04 00:00:00+00:00,34672.08,35960.0,34404.29,35289.21,1204.0037
2021-07-05 00:00:00+00:00,35255.0,35258.7,33143.0,33704.21,2254.3535
2021-07-06 00:00:00+00:00,33730.76,35100.49,33510.58,34244.09,2386.5051
2021-07-07 00:00:00+00:00,34231.95,35059.02,33800.0,33882.47,1540.0425
2021-07-08 00:00:00+00:00,33858.33,33943.02,32101.0,32898.79,2945.855
2021-07-09 00:00:00+00:00,32892.94,34115.44,32285.73,33826.43,1636.5751
2021-07-10 00:00:00+00:00,33830.73,34261.04,33014.21,33517.6,1442.4248
2021-07-11 00:00:00+00:00,33521.48,34635.82,33335.49,34258.53,1635.0177
2021-07-12 00:00:00+00:00,34266.84,34677.0,32660.0,33105.0,1879.5374
2021-07-13 00:00:00+00:00,33091.53,33340.0,32190.0,32728.0,1870.5741
2021-07-14 00:00:00+00:00,32737.56,33111.72,31589.35,32823.55,2753.0981
2021-07-15 00:00:00+00:00,32818.68,33179.0,31121.57,31848.65,2470.2131
2021-07-16 00:00:00+00:00,31885.7,32264.53,31012.93,31388.17,1912.4686
2021-07-17 00:00:00+00:00,31376.3,31950.0,31176.66,31529.68,1550.072
2021-07-18 00:00:00+00:00,31509.33,32440.98,31100.0,31776.65,1256.546
2021-07-19 00:00:00+00:00,31794.49,31881.71,30400.0,30829.29,2506.2773
2021-07-20 00:00:00+00:00,30822.08,31068.62,29296.39,29786.58,3413.242
2021-07-21 00:00:00+00:00,29792.99,32875.42,29500.0,32138.45,4842.164
2021-07-22 00:00:00+00:00,32115.82,32609.83,31703.15,32300.88,2392.4695
2021-07-23 00:00:00+00:00,32306.98,33684.17,32000.0,33684.17,1976.3843
2021-07-24 00:00:00+00:00,33685.0,34534.32,33419.31,34301.78,1440.4663
2021-07-25 00:00:00+00:00,34301.86,35448.97,33874.03,35428.28,2063.4941
2021-07-26 00:00:00+00:00,35438.93,40581.3,35282.7,37291.24,8840.398
2021-07-27 00:00:00+00:00,37271.44,39539.5,36386.19,39475.41,5896.667
2021-07-28 00:00:00+00:00,39446.94,40927.53,38786.8,40036.32,3943.478
2021-07-29 00:00:00+00:00,40024.8,40662.8,39239.95,40037.51,2306.0383
2021-07-30 00:00:00+00:00,40045.21,42335.5,38331.37,42234.89,3651.7158
2021-07-31 00:00:00+00:00,42236.72,42411.32,41007.51,41490.13,1507.8682
2021-08-01 00:00:00+00:00,41489.16,42614.85,39424.27,39839.0,2042.0171
2021-08-02 00:00:00+00:00,39875.2,40459.31,38687.62,39165.55,2407.9653
2021-08-03 00:00:00+00:00,39157.52,39792.83,37639.0,38177.07,3279.645
2021-08-04 00:00:00+00:00,38173.75,39973.94,37481.0,39741.12,4080.8354
2021-08-05 00:00:00+00:00,39742.77,41401.96,37300.0,40894.67,5804.407
2021-08-06 00:00:00+00:00,40893.77,43381.0,39879.47,42856.59,2937.3848
2021-08-07 00:00:00+00:00,42857.09,44763.14,42251.0,44612.94,4886.9385
2021-08-08 00:00:00+00:00,44624.4,45355.0,43298.84,43858.42,3647.1306
2021-08-09 00:00:00+00:00,43836.05,46529.02,42811.26,46292.89,4961.5884
2021-08-10 00:00:00+00:00,46282.3,46759.0,44643.0,45609.7,2390.0886
2021-08-11 00:00:00+00:00,45596.21,46787.6,45353.02,45539.85,2606.1265
2021-08-12 00:00:00+00:00,45536.8,46236.7,43800.02,44444.45,2463.5063
2021-08-13 00:00:00+00:00,44413.35,47929.18,44253.97,47860.58,2934.742
2021-08-14 00:00:00+00:00,47855.0,48190.0,46000.0,47119.73,1908.9514
2021-08-15 00:00:00+00:00,47130.97,47424.0,45500.27,47028.3,1726.7957
2021-08-16 00:00:00+00:00,47024.96,48075.22,45654.14,45930.51,2410.1511
2021-08-17 00:00:00+00:00,45930.48,47183.37,44417.51,44694.35,3286.2732
2021-08-18 00:00:00+00:00,44631.47,46041.62,44218.73,44721.13,2247.934
2021-08-19 00:00:00+00:00,44734.16,47114.99,43935.54,46764.3,2776.2378
2021-08-20 00:00:00+00:00,46759.29,49436.1,46645.77,49356.0,2815.5515
2021-08-21 00:00:00+00:00,49332.31,49833.02,48300.0,48884.34,1768.2416
2021-08-22 00:00:00+00:00,48883.84,49540.01,48080.17,49301.86,985.7653
2021-08-23 00:00:00+00:00,49296.71,50562.11,49010.0,49561.37,2419.8682
2021-08-24 00:00:00+00:00,49516.08,49893.5,47593.66,47731.33,2217.803
2021-08-25 00:00:00+00:00,47670.8,49273.93,47100.0,49011.75,1902.7206
2021-08-26 00:00:00+00:00,49022.39,49387.6,46309.33,46856.29,2091.1099
2021-08-27 00:00:00+00:00,46857.86,49187.0,46363.0,49100.49,1943.5573
2021-08-28 00:00:00+00:00,49100.49,49325.0,48244.88,48935.36,692.7059
2021-08-29 00:00:00+00:00,48947.1,49666.0,47798.29,48808.72,1044.4819
2021-08-30 00:00:00+00:00,48782.56,48915.29,46855.41,47003.44,1676.4825
2021-08-31 00:00:00+00:00,46969.05,48270.33,46699.0,47156.09,2239.1677
2021-09-01 00:00:00+00:00,47118.02,49134.0,46532.42,48853.49,2194.6301
2021-09-02 00:00:00+00:00,48830.93,50390.0,48625.0,49274.79,2267.932
2021-09-03 00:00:00+00:00,49284.93,51050.0,48351.6,50025.04,2226.783
2021-09-04 00:00:00+00:00,50033.5,50570.94,49388.26,49943.16,869.2884
2021-09-05 00:00:00+00:00,49965.32,51900.0,49500.0,51809.28,986.48706
2021-09-06 00:00:00+00:00,51809.28,52810.0,51024.32,52708.2,2057.3286
2021-09-07 00:00:00+00:00,52719.43,52956.47,42900.01,46866.82,6811.9224
2021-09-08 00:00:00+00:00,46894.3,47386.72,44436.93,46091.94,3309.0984
2021-09-09 00:00:00+00:00,46070.43,47419.95,45550.0,46392.81,2595.987
2021-09-10 00:00:00+00:00,46368.11,47029.08,44125.0,44857.38,2392.571
2021-09-11 00:00:00+00:00,44858.2,45993.32,44767.75,45176.66,906.8062
2021-09-12 00:00:00+00:00,45162.96,46491.63,44752.96,46035.0,1015.76215
2021-09-13 00:00:00+00:00,46039.42,46895.82,43400.0,44974.34,2308.422
2021-09-14 00:00:00+00:00,44983.77,47273.38,44704.18,47103.18,1643.9567
2021-09-15 00:00:00+00:00,47123.81,48465.77,46702.26,48150.94,1307.2487
2021-09-16 00:00:00+00:00,48188.12,48505.0,47035.0,47760.64,1886.0417
2021-09-17 00:00:00+00:00,47773.44,48179.0,46712.14,47305.18,1558.5232
2021-09-18 00:00:00+00:00,47316.21,48834.0,47052.9,48326.74,1452.5062
2021-09-19 00:00:00+00:00,48307.05,48389.52,46860.0,47245.25,999.596
2021-09-20 00:00:00+00:00,47257.86,47334.54,42453.97,43035.99,4240.4854
2021-09-21 00:00:00+00:00,43003.07,43643.34,39573.21,40596.54,5961.588
2021-09-22 00:00:00+00:00,40702.07,44031.85,40580.18,43589.53,3040.945
2021-09-23 00:00:00+00:00,43586.0,45013.17,43105.0,44903.5,2317.7559
2021-09-24 00:00:00+00:00,44893.7,45159.9,40693.27,42848.5,4348.928
2021-09-25 00:00:00+00:00,42835.88,43010.69,41689.6,42722.19,879.1968
2021-09-26 00:00:00+00:00,42699.1,43956.38,40808.0,43204.73,1659.7847
2021-09-27 00:00:00+00:00,43162.82,44377.7,42130.0,42189.81,1936.6495
2021-09-28 00:00:00+00:00,42154.87,42778.93,40888.0,41049.0,2246.8535
2021-09-29 00:00:00+00:00,41024.21,42595.93,40750.0,41542.9,1804.7781
2021-09-30 00:00:00+00:00,41537.56,44117.74,41427.87,43834.43,2614.5042
2021-10-01 00:00:00+00:00,43835.47,48500.0,43291.07,48171.86,3446.8723
2021-10-02 00:00:00+00:00,48185.61,48361.83,47468.15,47685.8,1361.844
2021-10-03 00:00:00+00:00,47644.63,49225.55,47119.87,48235.93,1164.603
2021-10-04 00:00:00+00:00,48231.04,49530.53,46900.0,49242.14,2737.7805
2021-10-05 00:00:00+00:00,49283.89,51914.68,49075.0,51501.19,2206.5964
2021-10-06 00:00:00+00:00,51521.89,55800.0,50428.64,55345.79,4441.903
2021-10-07 00:00:00+00:00,55360.1,55360.32,53289.57,53787.6,2349.7012
2021-10-08 00:00:00+00:00,53816.16,56168.0,53623.02,53957.21,2217.7551
2021-10-09 00:00:00+00:00,53952.82,55512.05,53674.69,54976.92,1061.0232
2021-10-10 00:00:00+00:00,54984.49,56561.0,51000.0,54714.95,1735.422
2021-10-11 00:00:00+00:00,54657.0,57855.79,54462.45,57485.2,1955.7856
2021-10-12 00:00:00+00:00,57490.0,57701.0,53909.0,55995.49,3224.8396
2021-10-13 00:00:00+00:00,56004.61,57773.89,54231.0,57374.55,3359.6968
2021-10-14 00:00:00+00:00,57395.84,58550.0,56830.56,57371.58,1879.454
2021-10-15 00:00:00+00:00,57370.48,62944.94,56877.0,61657.35,4205.423
2021-10-16 00:00:00+00:00,61703.45,62352.0,60100.27,60870.26,1263.448
2021-10-17 00:00:00+00:00,60885.27,61712.0,58933.0,61538.97,1261.13
2021-10-18 00:00:00+00:00,61519.52,62679.0,59013.0,62034.65,5754.552
2021-10-19 00:00:00+00:00,62014.99,64499.0,61350.0,64241.61,3253.7397
2021-10-20 00:00:00+00:00,64282.2,67016.5,63529.0,65990.31,3070.6843
2021-10-21 00:00:00+00:00,66027.81,66664.1,61850.0,62219.44,3891.5286
2021-10-22 00:00:00+00:00,62207.51,63757.28,59953.74,60702.68,3159.4253
2021-10-23 00:00:00+00:00,60698.54,61737.38,59633.61,61338.76,1056.0797
2021-10-24 00:00:00+00:00,61306.64,61497.33,59510.0,60910.16,1204.8478
2021-10-25 00:00:00+00:00,60883.96,63733.93,60670.0,63101.43,1730.1462
2021-10-26 00:00:00+00:00,63101.43,63299.3,59830.0,60328.22,1965.5452
2021-10-27 00:00:00+00:00,60331.4,61489.0,58100.01,58465.9,3479.738
2021-10-28 00:00:00+00:00,58471.06,62524.0,56425.0,60592.76,3769.7551
2021-10-29 00:00:00+00:00,60608.95,62971.54,60154.53,62301.59,3884.6423
2021-10-30 00:00:00+00:00,62278.92,62376.32,60660.02,61932.3,1542.3192
2021-10-31 00:00:00+00:00,61904.96,62438.85,60000.0,61359.44,1548.129
2021-11-01 00:00:00+00:00,61356.57,62500.0,59500.0,60922.85,2507.398
2021-11-02 00:00:00+00:00,60949.78,64300.0,60669.91,63260.0,3336.5269
2021-11-03 00:00:00+00:00,63260.0,63567.21,60018.46,62930.72,2148.471
2021-11-04 00:00:00+00:00,62945.38,63136.82,60725.0,61457.25,1507.5427
2021-11-05 00:00:00+00:00,61430.02,62666.52,60769.17,61031.91,1569.408
2021-11-06 00:00:00+00:00,61008.19,61609.5,60109.91,61542.44,1268.5118
2021-11-07 00:00:00+00:00,61542.43,63300.0,61396.57,63300.0,1115.6688
2021-11-08 00:00:00+00:00,63300.0,67803.55,63300.0,67559.0,2715.4238
2021-11-09 00:00:00+00:00,67547.49,68564.4,66250.0,66945.72,2136.8584
2021-11-10 00:00:00+00:00,66928.42,69000.0,62856.71,64921.43,3419.1187
2021-11-11 00:00:00+00:00,64919.18,65625.44,64140.0,64821.33,1583.2838
2021-11-12 00:00:00+00:00,64783.13,65497.53,62294.84,64158.41,2519.3074
2021-11-13 00:00:00+00:00,64140.23,64980.0,63400.0,64417.52,830.13104
2021-11-14 00:00:00+00:00,64403.43,65509.87,63595.76,65509.87,1247.8845
2021-11-15 00:00:00+00:00,65509.87,66387.4,63348.91,63606.09,2000.8236
2021-11-16 00:00:00+00:00,63621.61,63628.0,58563.0,60142.31,4632.7734
2021-11-17 00:00:00+00:00,60115.12,60888.5,58400.0,60373.65,3716.8105
2021-11-18 00:00:00+00:00,60376.94,60978.39,56516.44,56917.66,6160.71
2021-11-19 00:00:00+00:00,56924.94,58402.05,55640.0,58128.55,3277.026
2021-11-20 00:00:00+00:00,58126.46,59896.54,57424.27,59768.54,1172.1593
2021-11-21 00:00:00+00:00,59785.85,60090.55,58525.84,58678.47,895.6751
2021-11-22 00:00:00+00:00,58679.27,59516.78,55628.57,56294.11,2943.1633
2021-11-23 00:00:00+00:00,56283.8,57897.54,55128.6,57579.99,2732.0847
2021-11-24 00:00:00+00:00,57583.91,57750.2,55894.62,57185.06,1809.4543
2021-11-25 00:00:00+00:00,57169.19,59445.45,57044.42,58990.14,1362.1748
2021-11-26 00:00:00+00:00,59004.88,59207.36,53524.03,53789.35,5221.8403
2021-11-27 00:00:00+00:00,53794.32,55382.0,53653.45,54774.66,1360.5659
2021-11-28 00:00:00+00:00,54764.24,57482.42,53308.93,57338.55,1377.5546
2021-11-29 00:00:00+00:00,57327.32,58931.07,56750.0,57845.12,2069.7349
2021-11-30 00:00:00+00:00,57843.33,59250.0,55918.8,56974.12,3562.7175
2021-12-01 00:00:00+00:00,57027.28,59099.64,56469.22,57251.59,2515.5408
2021-12-02 00:00:00+00:00,57232.71,57413.52,55839.85,56547.96,2758.1448
2021-12-03 00:00:00+00:00,56534.26,57652.0,51556.01,53743.69,2964.768
2021-12-04 00:00:00+00:00,53685.47,53877.77,41967.5,49234.97,10025.689
2021-12-05 00:00:00+00:00,49240.81,49777.62,47836.34,49463.22,5156.666
2021-12-06 00:00:00+00:00,49484.0,50986.0,47111.0,50555.0,4652.1177
2021-12-07 00:00:00+00:00,50550.09,51991.0,50062.13,50627.32,1719.3176
2021-12-08 00:00:00+00:00,50635.87,51249.41,48656.2,50543.3,1598.4357
2021-12-09 00:00:00+00:00,50535.15,50839.01,47332.43,47593.12,2585.4326
2021-12-10 00:00:00+00:00,47573.43,50132.88,46886.0,47142.42,2705.1707
2021-12-11 00:00:00+00:00,47179.53,49539.4,46789.0,49400.54,1323.0396
2021-12-12 00:00:00+00:00,49420.51,50800.0,48675.0,50124.38,1233.7883
2021-12-13 00:00:00+00:00,50102.31,50226.2,45750.0,46725.02,3337.448
2021-12-14 00:00:00+00:00,46736.7,48689.3,46310.4,48389.96,2016.5898
2021-12-15 00:00:00+00:00,48386.95,49514.85,46560.0,48876.84,2593.3518
2021-12-16 00:00:00+00:00,48876.84,49449.0,47506.21,47663.42,1456.2572
2021-12-17 00:00:00+00:00,47654.99,48018.52,45478.74,46210.92,2077.2803
2021-12-18 00:00:00+00:00,46141.63,47370.14,45501.0,46881.87,827.39374
2021-12-19 00:00:00+00:00,46854.18,48307.34,46450.0,46704.67,1275.4994
2021-12-20 00:00:00+00:00,46671.66,47547.5,45572.94,46915.0,1726.016
2021-12-21 00:00:00+00:00,46926.72,49353.49,46667.08,48929.86,1674.1644
2021-12-22 00:00:00+00:00,48907.75,49600.0,48449.87,48618.99,1306.1658
2021-12-23 00:00:00+00:00,48618.99,51386.66,48051.1,50850.0,1715.358
2021-12-24 00:00:00+00:00,50850.0,51864.56,50442.34,50841.48,1446.0889
2021-12-25 00:00:00+00:00,50857.42,51179.36,50190.9,50442.22,823.0487
2021-12-26 00:00:00+00:00,50421.51,51292.65,49458.85,50791.21,1015.222
2021-12-27 00:00:00+00:00,50885.32,52098.6,50479.44,50718.11,1102.9834
2021-12-28 00:00:00+00:00,50708.05,50719.59,47300.0,47543.3,2215.2686
2021-12-29 00:00:00+00:00,47597.7,48157.41,46099.94,46483.36,2089.308
2021-12-30 00:00:00+00:00,46474.59,47916.32,45934.37,47150.71,2162.2705
2021-12-31 00:00:00+00:00,47110.3,48589.47,45655.31,46214.37,1798.5526
2022-01-01 00:00:00+00:00,46230.0,47960.98,46199.9,47777.42,741.5206
2022-01-02 00:00:00+00:00,47745.25,47989.0,46660.0,47350.22,702.0947
2022-01-03 00:00:00+00:00,47290.55,47586.58,45692.13,46439.89,1140.1791
2022-01-04 00:00:00+00:00,46464.01,47526.0,45539.05,45820.0,1832.6128
2022-01-05 00:00:00+00:00,45828.77,46855.06,42413.59,43435.8,3397.5457
2022-01-06 00:00:00+00:00,43417.31,43782.86,42414.0,43097.6,2450.113
2022-01-07 00:00:00+00:00,43093.4,43135.35,40600.0,41535.66,2984.2058
2022-01-08 00:00:00+00:00,41576.73,42315.31,40517.05,41690.77,1581.4736
2022-01-09 00:00:00+00:00,41697.32,42796.49,41200.0,41875.81,1532.5883
2022-01-10 00:00:00+00:00,41853.98,42256.55,39558.7,41845.42,3494.0137
2022-01-11 00:00:00+00:00,41842.22,43144.74,41284.11,42736.0,2442.654
2022-01-12 00:00:00+00:00,42754.44,44337.26,42471.17,43933.5,2502.7622
2022-01-13 00:00:00+00:00,43935.01,44456.34,42321.0,42571.94,1993.8833
2022-01-14 00:00:00+00:00,42579.44,43468.95,41782.21,43102.35,1386.8328
2022-01-15 00:00:00+00:00,43085.76,43826.8,42387.86,43102.01,707.6585
2022-01-16 00:00:00+00:00,43084.77,43495.59,42615.0,43107.7,621.953
2022-01-17 00:00:00+00:00,43099.08,43209.47,41581.0,42255.07,1060.0094
2022-01-18 00:00:00+00:00,42230.09,42685.25,41290.06,42377.4,1638.8708
2022-01-19 00:00:00+00:00,42378.23,42589.9,41145.23,41683.21,1664.7041
2022-01-20 00:00:00+00:00,41733.21,43518.69,40554.14,40736.05,2425.1526
2022-01-21 00:00:00+00:00,40654.72,41115.58,35423.0,36495.46,6201.046
2022-01-22 00:00:00+00:00,36447.37,36825.98,34000.0,35091.11,4510.372
2022-01-23 00:00:00+00:00,35084.79,36574.47,34624.59,36293.62,2533.7039
2022-01-24 00:00:00+00:00,36262.21,38050.0,32950.72,36724.99,6335.1543
2022-01-25 00:00:00+00:00,36721.59,37552.3,35722.43,36975.91,2793.6912
2022-01-26 00:00:00+00:00,37006.76,38946.0,36279.21,36829.32,3663.1555
2022-01-27 00:00:00+00:00,36824.02,37251.0,35511.32,37208.36,3103.823
2022-01-28 00:00:00+00:00,37179.62,38022.11,36173.98,37748.36,2420.654
2022-01-29 00:00:00+00:00,37713.14,38741.67,37327.79,38192.65,1296.9089
2022-01-30 00:00:00+00:00,38176.45,38378.88,37372.59,37941.82,708.7948
2022-01-31 00:00:00+00:00,37914.1,38776.33,36631.66,38491.92,2009.13
2022-02-01 00:00:00+00:00,38483.56,39285.0,38033.78,38733.04,2073.9387
2022-02-02 00:00:00+00:00,38768.08,38883.96,36618.36,36923.5,1672.7072
2022-02-03 00:00:00+00:00,36924.5,37391.74,36264.55,37320.11,1624.3901
2022-02-04 00:00:00+00:00,37330.75,41760.39,37064.28,41579.57,3901.5989
2022-02-05 00:00:00+00:00,41608.82,41983.12,40975.0,41427.72,1892.2379
2022-02-06 00:00:00+00:00,41422.7,42701.86,41141.81,42420.24,854.6757
2022-02-07 00:00:00+00:00,42420.24,44524.18,41682.11,43869.04,2601.4695
2022-02-08 00:00:00+00:00,43895.6,45501.0,42701.19,44091.56,2591.8015
2022-02-09 00:00:00+00:00,44106.95,44865.72,43164.0,44426.84,1625.8835
2022-02-10 00:00:00+00:00,44426.24,45850.0,43209.07,43524.6,2692.6233
2022-02-11 00:00:00+00:00,43540.15,43969.72,41983.12,42406.19,2170.3723
2022-02-12 00:00:00+00:00,42392.22,43034.0,41740.06,42241.11,892.34534
2022-02-13 00:00:00+00:00,42232.68,42779.6,41882.54,42077.74,515.45575
2022-02-14 00:00:00+00:00,42078.53,42871.68,41575.0,42540.3,1270.8865
2022-02-15 00:00:00+00:00,42567.27,44785.66,42469.96,44582.48,1772.9232
2022-02-16 00:00:00+00:00,44590.75,44590.75,43312.83,43901.48,1251.8336
2022-02-17 00:00:00+00:00,43901.49,44204.78,40088.88,40556.11,2437.4905
2022-02-18 00:00:00+00:00,40532.66,40996.31,39450.0,39996.99,2212.7148
2022-02-19 00:00:00+00:00,40008.75,40471.27,39587.08,40109.02,695.6543
2022-02-20 00:00:00+00:00,40108.62,40151.62,37974.18,38373.9,1283.5116
2022-02-21 00:00:00+00:00,38384.09,39494.11,36810.72,37076.6,3501.4204
2022-02-22 00:00:00+00:00,37036.98,38463.88,36368.99,38269.94,2388.759
2022-02-23 00:00:00+00:00,38269.94,39303.24,37060.16,37274.18,1778.2753
2022-02-24 00:00:00+00:00,37253.26,39720.0,34324.05,38376.88,6302.851
2022-02-25 00:00:00+00:00,38360.93,39727.97,38027.61,39231.64,2202.8518
2022-02-26 00:00:00+00:00,39242.64,40330.99,38600.0,39146.66,912.72406
2022-02-27 00:00:00+00:00,39146.66,39886.92,37015.74,37712.68,1701.817
2022-02-28 00:00:00+00:00,37717.1,44256.08,37468.99,43178.98,3160.6182
2022-03-01 00:00:00+00:00,43221.71,44981.22,42847.85,44443.96,2831.297
2022-03-02 00:00:00+00:00,44443.98,45332.38,43350.0,43936.72,2043.5569
2022-03-03 00:00:00+00:00,43936.73,44118.53,41832.34,42476.26,2253.4307
2022-03-04 00:00:00+00:00,42476.25,42540.57,38590.95,39175.56,2493.6575
2022-03-05 00:00:00+00:00,39170.19,39620.3,38600.3,39416.79,806.91144
2022-03-06 00:00:00+00:00,39390.31,39701.0,38100.0,38438.89,1194.3738
2022-03-07 00:00:00+00:00,38404.97,39557.26,37169.52,38016.47,1949.6969
2022-03-08 00:00:00+00:00,38002.23,39377.0,37885.05,38753.65,1864.9047
2022-03-09 00:00:00+00:00,38761.13,42591.68,38667.65,41960.02,1980.2936
2022-03-10 00:00:00+00:00,41952.13,42053.95,38545.19,39444.45,2506.2349
2022-03-11 00:00:00+00:00,39433.48,40237.22,38244.76,38729.79,2063.2234
2022-03-12 00:00:00+00:00,38729.79,39458.58,38653.89,38822.02,962.85565
2022-03-13 00:00:00+00:00,38798.68,39312.5,37595.62,37790.54,737.8801
2022-03-14 00:00:00+00:00,37763.37,39913.42,37567.19,39665.71,1439.7677
2022-03-15 00:00:00+00:00,39688.55,39896.13,38142.35,39302.7,1638.6841
2022-03-16 00:00:00+00:00,39302.8,41693.97,38865.67,41142.76,5987.104
2022-03-17 00:00:00+00:00,41142.76,41497.24,40449.06,40963.22,1657.7616
2022-03-18 00:00:00+00:00,40963.22,42362.0,40068.88,41794.37,2125.1233
2022-03-19 00:00:00+00:00,41781.96,42405.01,41553.88,42235.31,976.88885
2022-03-20 00:00:00+00:00,42240.43,42324.06,40930.2,41242.14,1061.353
2022-03-21 00:00:00+00:00,41293.19,41588.7,40516.86,41043.14,1779.498
2022-03-22 00:00:00+00:00,41018.36,43337.41,40901.13,42393.41,2375.4246
2022-03-23 00:00:00+00:00,42393.62,43021.73,41779.11,42925.41,1906.7235
2022-03-24 00:00:00+00:00,42912.21,44240.0,42636.54,44025.99,2173.305
2022-03-25 00:00:00+00:00,44025.99,45137.12,43616.88,44320.6,1725.0715
2022-03-26 00:00:00+00:00,44340.49,44815.31,44101.0,44535.65,494.7242
2022-03-27 00:00:00+00:00,44553.24,46950.0,44456.9,46864.39,1548.8889
2022-03-28 00:00:00+00:00,46854.96,48234.0,46672.25,47152.38,2691.9377
2022-03-29 00:00:00+00:00,47152.38,48128.87,46941.84,47459.03,1716.324
2022-03-30 00:00:00+00:00,47459.03,47721.41,46572.15,47068.08,1627.5432
2022-03-31 00:00:00+00:00,47086.07,47624.18,45234.0,45517.27,1372.9651
2022-04-01 00:00:00+00:00,45522.53,46739.81,44244.0,46307.81,1953.2195
2022-04-02 00:00:00+00:00,46306.38,47218.17,45650.0,45820.28,724.3088
2022-04-03 00:00:00+00:00,45820.28,47458.48,45565.64,46401.57,1063.6288
2022-04-04 00:00:00+00:00,46414.88,46891.17,45124.79,46598.2,1496.6416
2022-04-05 00:00:00+00:00,46598.2,47201.0,45342.33,45502.73,1127.6904
2022-04-06 00:00:00+00:00,45512.95,45548.77,43086.8,43191.59,3073.557
2022-04-07 00:00:00+00:00,43172.83,43896.45,42741.52,43454.53,1381.6774
2022-04-08 00:00:00+00:00,43467.82,43986.09,42120.0,42290.11,1453.7446
2022-04-09 00:00:00+00:00,42258.22,42807.63,42131.51,42767.89,525.1735
2022-04-10 00:00:00+00:00,42774.85,43450.72,41888.88,42133.85,862.6131
2022-04-11 00:00:00+00:00,42159.45,42415.57,39218.15,39524.86,2288.4792
2022-04-12 00:00:00+00:00,39545.37,40691.01,39273.65,40097.46,2111.9207
2022-04-13 00:00:00+00:00,40099.51,41557.61,39584.86,41147.74,1563.4845
2022-04-14 00:00:00+00:00,41159.29,41504.29,39582.53,39961.53,1169.4938
2022-04-15 00:00:00+00:00,39962.6,40869.99,39788.97,40563.18,752.3994
2022-04-16 00:00:00+00:00,40576.41,40701.0,40014.79,40395.67,365.72626
2022-04-17 00:00:00+00:00,40379.81,40602.69,39565.68,39691.27,485.00372
2022-04-18 00:00:00+00:00,39660.62,41101.0,38547.12,40814.6,2421.0818
2022-04-19 00:00:00+00:00,40814.6,41754.05,40578.58,41505.77,1457.1108
2022-04-20 00:00:00+00:00,41476.89,42220.04,40893.21,41375.85,1359.5413
2022-04-21 00:00:00+00:00,41378.77,42978.95,39770.0,40470.76,2163.314
2022-04-22 00:00:00+00:00,40497.0,40808.66,39197.64,39726.03,2136.9998
2022-04-23 00:00:00+00:00,39700.55,39983.98,39301.0,39421.59,398.24448
2022-04-24 00:00:00+00:00,39438.51,39944.65,38987.0,39467.4,663.70416
2022-04-25 00:00:00+00:00,39464.67,40602.85,38202.91,40441.11,2220.044
2022-04-26 00:00:00+00:00,40452.52,40800.0,37701.0,38137.67,2909.7224
2022-04-27 00:00:00+00:00,38105.68,39494.73,37885.75,39256.05,1769.0093
2022-04-28 00:00:00+00:00,39254.4,40387.0,38880.44,39754.2,1842.0051
2022-04-29 00:00:00+00:00,39753.28,39923.61,38174.27,38593.42,1600.8992
2022-04-30 00:00:00+00:00,38599.3,38786.95,37597.36,37639.8,728.2796
2022-05-01 00:00:00+00:00,37638.78,38672.2,37400.0,38488.34,1248.0427
2022-05-02 00:00:00+00:00,38484.46,39153.13,38045.79,38521.01,1434.1008
2022-05-03 00:00:00+00:00,38506.38,38641.57,37515.83,37729.95,1157.9221
2022-05-04 00:00:00+00:00,37735.35,40050.19,37665.46,39685.23,2297.2722
2022-05-05 00:00:00+00:00,39685.23,39840.37,35579.4,36533.93,3736.7302
2022-05-06 00:00:00+00:00,36542.41,36648.2,35268.69,36019.22,2594.5334
2022-05-07 00:00:00+00:00,36019.15,36123.99,34777.85,35463.46,1224.397
2022-05-08 00:00:00+00:00,35465.46,35496.55,33710.16,34025.5,2670.4
2022-05-09 00:00:00+00:00,34051.2,34224.35,30015.0,30082.0,7631.1216
2022-05-10 00:00:00+00:00,30066.48,32650.0,29731.03,30999.97,7402.3022
2022-05-11 00:00:00+00:00,31002.27,32148.15,27757.77,29000.0,11180.849
2022-05-12 00:00:00+00:00,28999.99,30090.7,25401.05,28896.19,16578.81
2022-05-13 00:00:00+00:00,28932.69,30974.6,28686.37,29238.81,6010.2734
2022-05-14 00:00:00+00:00,29239.41,30281.49,28561.23,30033.96,2910.9922
2022-05-15 00:00:00+00:00,30041.16,31411.48,29440.71,31295.03,2085.0664
2022-05-16 00:00:00+00:00,31275.27,31275.27,29060.0,29832.45,3112.7942
2022-05-17 00:00:00+00:00,29847.53,30753.96,29400.0,30425.36,2143.9258
2022-05-18 00:00:00+00:00,30423.9,30670.0,28615.23,28681.26,2318.1555
2022-05-19 00:00:00+00:00,28681.15,30505.14,28656.46,30290.33,2516.775
2022-05-20 00:00:00+00:00,30271.22,30725.56,28690.13,29176.7,2337.173
2022-05-21 00:00:00+00:00,29176.7,29621.01,28914.7,29421.05,490.4274
2022-05-22 00:00:00+00:00,29400.34,30457.58,29209.03,30264.66,1318.8942
2022-05-23 00:00:00+00:00,30264.66,30628.0,28839.29,29081.76,2158.6504
2022-05-24 00:00:00+00:00,29081.76,29810.38,28632.4,29632.15,1490.2361
2022-05-25 00:00:00+00:00,29626.53,30189.7,29313.78,29510.15,1563.3088
2022-05-26 00:00:00+00:00,29511.95,29853.34,28003.0,29183.06,2835.0051
2022-05-27 00:00:00+00:00,29183.39,29360.34,28253.57,28589.48,2109.942
2022-05-28 00:00:00+00:00,28606.08,29231.9,28498.73,29010.82,721.54694
2022-05-29 00:00:00+00:00,29010.82,29561.04,28814.46,29448.94,909.1918
2022-05-30 00:00:00+00:00,29454.69,32195.68,29276.15,31731.22,3257.5488
2022-05-31 00:00:00+00:00,31677.13,32375.81,31181.26,31762.76,1621.6224
2022-06-01 00:00:00+00:00,31777.06,31962.79,29309.84,29787.4,2629.8018
2022-06-02 00:00:00+00:00,29791.96,30688.82,29568.13,30437.18,1226.2908
2022-06-03 00:00:00+00:00,30437.77,30670.07,29232.99,29669.39,1151.1451
2022-06-04 00:00:00+00:00,29688.17,29948.84,29444.21,29853.51,472.40387
2022-06-05 00:00:00+00:00,29834.06,30153.18,29514.96,29888.98,563.0629
2022-06-06 00:00:00+00:00,29905.46,31737.31,29868.16,31351.21,2494.1042
2022-06-07 00:00:00+00:00,31351.1,31536.11,29184.25,31115.82,3672.305
2022-06-08 00:00:00+00:00,31108.3,31310.53,29831.85,30185.58,1909.6724
2022-06-09 00:00:00+00:00,30190.31,30672.56,29920.56,30089.03,953.92926
2022-06-10 00:00:00+00:00,30068.53,30333.81,28832.83,29065.66,2545.3413
2022-06-11 00:00:00+00:00,29065.66,29403.62,28085.75,28390.94,1587.1953
2022-06-12 00:00:00+00:00,28397.38,28523.06,26500.0,26585.1,2588.8335
2022-06-13 00:00:00+00:00,26538.63,26845.63,21910.26,22450.43,12621.883
2022-06-14 00:00:00+00:00,22407.53,23288.88,20816.35,22097.3,8576.801
2022-06-15 00:00:00+00:00,22077.83,22756.0,20079.72,22555.27,13481.54
2022-06-16 00:00:00+00:00,22563.82,22957.01,20200.0,20382.88,4889.1245
2022-06-17 00:00:00+00:00,20387.66,21325.06,20220.16,20440.7,3615.0974
2022-06-18 00:00:00+00:00,20428.19,20758.0,17592.78,18956.8,7958.3853
2022-06-19 00:00:00+00:00,18952.14,20783.48,17930.7,20552.82,5100.8833
2022-06-20 00:00:00+00:00,20557.2,21036.89,19616.1,20555.44,5112.8506
2022-06-21 00:00:00+00:00,20555.44,21708.76,20332.07,20712.29,3543.1682
2022-06-22 00:00:00+00:00,20710.01,20863.44,19743.99,19963.68,4210.4956
2022-06-23 00:00:00+00:00,19977.24,21204.14,19869.63,21093.42,2677.899
2022-06-24 00:00:00+00:00,21102.75,21538.4,20713.77,21215.42,2444.7722
2022-06-25 00:00:00+00:00,21229.66,21586.67,20890.0,21486.8,1196.3846
2022-06-26 00:00:00+00:00,21486.67,21868.0,20968.85,21028.69,1437.607
2022-06-27 00:00:00+00:00,21029.19,21516.85,20491.28,20699.72,1648.588
2022-06-28 00:00:00+00:00,20699.72,21178.73,20176.0,20261.34,2048.6846
2022-06-29 00:00:00+00:00,20253.88,20398.99,19827.0,20093.18,1605.3236
2022-06-30 00:00:00+00:00,20098.0,20131.06,18595.6,19924.89,4907.8486
2022-07-01 00:00:00+00:00,19960.61,20895.08,18944.69,19239.47,4424.0884
2022-07-02 00:00:00+00:00,19263.41,19425.08,18960.0,19228.25,1478.9741
2022-07-03 00:00:00+00:00,19232.76,19616.43,18763.96,19294.46,1438.9365
2022-07-04 00:00:00+00:00,19296.88,20319.88,19032.44,20209.53,2016.082
2022-07-05 00:00:00+00:00,20209.02,20720.0,19281.82,20168.63,2882.2266
2022-07-06 00:00:00+00:00,20164.65,20648.76,19750.16,20547.45,2093.3818
2022-07-07 00:00:00+00:00,20546.29,21847.25,20237.58,21643.56,3422.5715
2022-07-08 00:00:00+00:00,21620.85,22401.0,21164.07,21584.14,3352.9475
2022-07-09 00:00:00+00:00,21592.69,21955.18,21311.36,21588.35,865.387
2022-07-10 00:00:00+00:00,21581.98,21593.73,20629.99,20856.08,1398.9181
2022-07-11 00:00:00+00:00,20851.14,20858.75,19869.0,19949.71,1381.0385
2022-07-12 00:00:00+00:00,19948.55,20036.24,19237.42,19321.14,1738.0309
2022-07-13 00:00:00+00:00,19337.91,20367.88,18905.55,20232.35,3196.864
2022-07-14 00:00:00+00:00,20225.24,20880.0,19608.47,20577.23,2574.7588
2022-07-15 00:00:00+00:00,20569.17,21186.35,20368.7,20835.39,1581.8301
2022-07-16 00:00:00+00:00,20823.7,21577.0,20472.68,21195.49,1740.6393
2022-07-17 00:00:00+00:00,21198.34,21664.52,20751.08,20801.85,1497.2035
2022-07-18 00:00:00+00:00,20786.76,22760.04,20757.29,22435.04,4288.357
2022-07-19 00:00:00+00:00,22439.63,23800.0,21578.45,23405.02,4682.353
2022-07-20 00:00:00+00:00,23392.04,24280.3,22893.95,23208.53,4052.6846
2022-07-21 00:00:00+00:00,23217.0,23430.33,22340.34,23163.34,2267.474
2022-07-22 00:00:00+00:00,23166.09,23760.87,22512.42,22682.26,2025.5839
2022-07-23 00:00:00+00:00,22696.19,23005.68,21944.47,22468.69,1010.85785
2022-07-24 00:00:00+00:00,22468.7,23006.77,22272.23,22595.81,681.1967
2022-07-25 00:00:00+00:00,22589.47,22673.68,21250.0,21306.56,2128.7803
2022-07-26 00:00:00+00:00,21314.26,21344.09,20700.13,21259.78,1965.578
2022-07-27 00:00:00+00:00,21266.14,23112.9,21047.7,22969.04,2976.1887
2022-07-28 00:00:00+00:00,22972.22,24198.95,22600.0,23853.11,3463.7903
2022-07-29 00:00:00+00:00,23856.91,24445.0,23438.5,23785.31,2536.4917
2022-07-30 00:00:00+00:00,23777.85,24676.0,23523.29,23644.58,1739.575
2022-07-31 00:00:00+00:00,23652.53,24190.09,23241.0,23322.53,1624.1517
2022-08-01 00:00:00+00:00,23287.38,23511.5,22861.0,23282.92,1310.1718
2022-08-02 00:00:00+00:00,23291.67,23468.33,22665.98,23001.52,1441.5065
2022-08-03 00:00:00+00:00,22997.07,23642.14,22686.12,22835.88,1306.295
2022-08-04 00:00:00+00:00,22830.37,23228.77,22400.0,22615.24,1537.9663
2022-08-05 00:00:00+00:00,22630.14,23478.0,22587.94,23326.4,2070.3599
2022-08-06 00:00:00+00:00,23326.5,23354.54,22919.76,22956.61,672.1453
2022-08-07 00:00:00+00:00,22946.0,23411.55,22855.14,23187.62,691.38336
2022-08-08 00:00:00+00:00,23177.72,24246.06,23169.64,23821.68,1845.0409
2022-08-09 00:00:00+00:00,23811.29,23927.44,22880.22,23164.78,1206.1117
2022-08-10 00:00:00+00:00,23151.68,24228.0,22668.57,23964.0,2251.3884
2022-08-11 00:00:00+00:00,23961.0,24921.0,23867.0,23959.0,1964.2043
2022-08-12 00:00:00+00:00,23957.0,24459.0,23615.0,24407.0,1258.7927
2022-08-13 00:00:00+00:00,24421.0,24900.0,24301.0,24456.0,891.4217
2022-08-14 00:00:00+00:00,24459.0,25053.0,24161.0,24320.0,1360.8698
2022-08-15 00:00:00+00:00,24324.0,25212.0,23782.0,24110.0,1764.9606
2022-08-16 00:00:00+00:00,24103.0,24250.0,23673.0,23867.0,761.7864
2022-08-17 00:00:00+00:00,23867.0,24448.0,23176.0,23340.0,1814.5164
2022-08-18 00:00:00+00:00,23348.0,23593.0,23103.0,23201.0,888.9358
2022-08-19 00:00:00+00:00,23192.0,23202.0,20785.0,20841.0,3558.421
2022-08-20 00:00:00+00:00,20840.0,21368.0,20769.0,21146.0,1475.2777
2022-08-21 00:00:00+00:00,21150.0,21778.0,21070.0,21514.0,1070.7626
2022-08-22 00:00:00+00:00,21517.0,21530.0,20901.0,21411.0,1428.9896
2022-08-23 00:00:00+00:00,21404.0,21672.0,20899.0,21520.0,1237.1555
2022-08-24 00:00:00+00:00,21523.0,21892.0,21142.0,21372.0,1825.6559
2022-08-25 00:00:00+00:00,21364.0,21813.0,21319.0,21571.0,1134.9636
2022-08-26 00:00:00+00:00,21550.0,21870.0,20119.0,20250.0,3482.0913
2022-08-27 00:00:00+00:00,20242.0,20376.0,19766.0,20045.0,1322.8376
2022-08-28 00:00:00+00:00,20044.0,20159.0,19526.0,19557.0,883.3577
2022-08-29 00:00:00+00:00,19571.0,20415.0,19557.0,20302.0,1226.5339
2022-08-30 00:00:00+00:00,20300.0,20575.0,19552.0,19819.0,2061.6282
2022-08-31 00:00:00+00:00,19836.0,20490.0,19822.0,20059.0,2271.1655
2022-09-01 00:00:00+00:00,20049.0,20202.0,19573.0,20128.0,1841.6189
2022-09-02 00:00:00+00:00,20133.0,20440.0,19762.0,19959.0,1704.5497
2022-09-03 00:00:00+00:00,19950.0,20053.0,19667.0,19840.0,454.4522
2022-09-04 00:00:00+00:00,19840.0,20025.0,19586.0,20007.0,468.4646
2022-09-05 00:00:00+00:00,20014.0,20051.0,19634.0,19794.0,975.9635
2022-09-06 00:00:00+00:00,19794.0,20181.0,18669.0,18789.0,3216.9736
2022-09-07 00:00:00+00:00,18808.0,19456.0,18540.0,19276.0,1946.274
2022-09-08 00:00:00+00:00,19301.0,19454.0,19023.0,19322.0,1759.193
2022-09-09 00:00:00+00:00,19327.0,21610.0,19303.0,21371.0,4009.3237
2022-09-10 00:00:00+00:00,21371.0,21814.0,21125.0,21672.0,1355.393
2022-09-11 00:00:00+00:00,21663.0,21871.0,21360.0,21835.0,844.3946
2022-09-12 00:00:00+00:00,21836.0,22485.0,21565.0,22401.0,2496.987
2022-09-13 00:00:00+00:00,22396.0,22781.0,19862.0,20177.0,3927.08
2022-09-14 00:00:00+00:00,20175.0,20526.0,19623.0,20233.0,2793.9062
2022-09-15 00:00:00+00:00,20226.0,20432.0,19500.0,19691.0,2531.571
2022-09-16 00:00:00+00:00,19704.0,19887.0,19330.0,19802.0,2514.4268
2022-09-17 00:00:00+00:00,19802.0,20187.0,19757.0,20114.0,947.27783
2022-09-18 00:00:00+00:00,20116.0,20116.0,19343.0,19419.0,1609.6396
2022-09-19 00:00:00+00:00,19418.0,19679.0,18271.0,19538.0,3418.217
2022-09-20 00:00:00+00:00,19535.0,19634.0,18717.0,18878.0,2544.253
2022-09-21 00:00:00+00:00,18877.0,19902.0,18157.0,18466.0,5332.938
2022-09-22 00:00:00+00:00,18458.0,19541.0,18368.0,19403.0,2607.0417
2022-09-23 00:00:00+00:00,19411.0,19491.0,18533.0,19294.0,2593.1833
2022-09-24 00:00:00+00:00,19291.0,19309.0,18817.0,18921.0,922.0239
2022-09-25 00:00:00+00:00,18919.0,19182.0,18636.0,18810.0,979.44305
2022-09-26 00:00:00+00:00,18809.0,19313.0,18690.0,19226.0,3167.388
2022-09-27 00:00:00+00:00,19233.0,20381.0,18822.0,19075.0,4423.717
2022-09-28 00:00:00+00:00,19085.0,19770.0,18461.0,19413.0,3817.6401
2022-09-29 00:00:00+00:00,19413.0,19630.0,18852.0,19592.0,1812.6212
2022-09-30 00:00:00+00:00,19593.0,20171.0,19152.0,19425.0,2413.7844
2022-10-01 00:00:00+00:00,19419.0,19484.0,19174.0,19312.0,378.607
2022-10-02 00:00:00+00:00,19306.0,19395.0,18931.0,19051.0,518.0338
2022-10-03 00:00:00+00:00,19060.0,19715.0,18975.0,19636.0,1109.1317
2022-10-04 00:00:00+00:00,19633.0,20469.0,19497.0,20343.0,2455.543
2022-10-05 00:00:00+00:00,20343.0,20366.0,19735.0,20162.0,1789.8489
2022-10-06 00:00:00+00:00,20161.0,20447.0,19864.0,19951.0,1438.8895
2022-10-07 00:00:00+00:00,19960.0,20056.0,19335.0,19532.0,1290.5802
2022-10-08 00:00:00+00:00,19533.0,19624.0,19259.0,19420.0,517.3188
2022-10-09 00:00:00+00:00,19421.0,19604.0,19324.0,19445.0,707.27454
2022-10-10 00:00:00+00:00,19436.0,19525.0,19029.0,19131.0,1052.983
2022-10-11 00:00:00+00:00,19131.0,19265.0,18853.0,19059.0,1332.9325
2022-10-12 00:00:00+00:00,19061.0,19229.0,18967.0,19157.0,870.2707
2022-10-13 00:00:00+00:00,19157.0,19504.0,18183.0,19377.0,2920.782
2022-10-14 00:00:00+00:00,19374.0,19947.0,19083.0,19181.0,1313.8011
2022-10-15 00:00:00+00:00,19184.0,19229.0,18990.0,19066.0,331.43097
2022-10-16 00:00:00+00:00,19072.0,19425.0,19067.0,19264.0,417.0116
2022-10-17 00:00:00+00:00,19262.0,19672.0,19160.0,19547.0,1141.6235
2022-10-18 00:00:00+00:00,19547.0,19700.0,19099.0,19334.0,1524.5264
2022-10-19 00:00:00+00:00,19329.0,19356.0,19078.0,19126.0,1302.5953
2022-10-20 00:00:00+00:00,19128.0,19340.0,18913.0,19043.0,1491.6646
2022-10-21 00:00:00+00:00,19043.0,19245.0,18660.0,19165.0,1923.44
2022-10-22 00:00:00+00:00,19166.0,19250.0,19118.0,19206.0,455.4209
2022-10-23 00:00:00+00:00,19208.0,19689.0,19079.0,19574.0,1195.6201
2022-10-24 00:00:00+00:00,19576.0,19588.0,19169.0,19332.0,1155.8635
2022-10-25 00:00:00+00:00,19332.0,20418.0,19222.0,20087.0,2804.5132
2022-10-26 00:00:00+00:00,20096.0,21012.0,20062.0,20775.0,2711.069
2022-10-27 00:00:00+00:00,20771.0,20872.0,20210.0,20296.0,1669.884
2022-10-28 00:00:00+00:00,20295.0,20750.0,20008.0,20599.0,1827.6138
2022-10-29 00:00:00+00:00,20596.0,21078.0,20566.0,20821.0,1213.1895
2022-10-30 00:00:00+00:00,20820.0,20931.0,20525.0,20628.0,679.83875
2022-10-31 00:00:00+00:00,20631.0,20833.0,20243.0,20498.0,1880.0245
2022-11-01 00:00:00+00:00,20493.0,20681.0,20334.0,20480.0,1276.6918
2022-11-02 00:00:00+00:00,20480.0,20802.0,20055.0,20154.0,2292.0823
2022-11-03 00:00:00+00:00,20152.0,20387.0,20039.0,20209.0,1004.11896
2022-11-04 00:00:00+00:00,20209.0,21290.0,20184.0,21153.0,3501.4753
2022-11-05 00:00:00+00:00,21152.0,21473.0,21089.0,21301.0,774.12524
2022-11-06 00:00:00+00:00,21299.0,21364.0,20899.0,20907.0,551.9585
2022-11-07 00:00:00+00:00,20899.0,21070.0,20400.0,20590.0,1417.9956
2022-11-08 00:00:00+00:00,20591.0,20669.0,17114.0,18550.0,12035.901
2022-11-09 00:00:00+00:00,18546.0,18588.0,15632.0,15877.0,8350.565
2022-11-10 00:00:00+00:00,15900.0,18150.0,15748.0,17551.0,8375.257
2022-11-11 00:00:00+00:00,17548.0,17645.0,16394.0,17007.0,5636.7554
2022-11-12 00:00:00+00:00,17020.0,17054.0,16610.0,16788.0,1882.2642
2022-11-13 00:00:00+00:00,16788.0,17240.0,16263.0,16310.0,2703.9119
2022-11-14 00:00:00+00:00,16300.0,17130.0,15784.0,16589.0,7964.3403
2022-11-15 00:00:00+00:00,16586.0,17095.0,16511.0,16874.0,5633.3994
2022-11-16 00:00:00+00:00,16875.0,16980.0,16371.0,16654.0,4035.8005
2022-11-17 00:00:00+00:00,16655.0,16724.0,16412.0,16686.0,2458.667
2022-11-18 00:00:00+00:00,16687.0,16971.0,16540.0,16683.0,2673.2805
2022-11-19 00:00:00+00:00,16683.0,16799.0,16548.0,16690.0,1377.3964
2022-11-20 00:00:00+00:00,16687.0,16730.0,16169.0,16256.0,1827.0568
2022-11-21 00:00:00+00:00,16250.0,16269.0,15479.0,15766.0,5633.488
2022-11-22 00:00:00+00:00,15757.0,16281.0,15613.0,16197.0,3718.5547
2022-11-23 00:00:00+00:00,16199.0,16647.0,16150.0,16603.0,3505.2932
2022-11-24 00:00:00+00:00,16594.0,16783.0,16456.0,16591.0,2141.4844
2022-11-25 00:00:00+00:00,16589.0,16604.0,16339.0,16508.0,2043.435
2022-11-26 00:00:00+00:00,16511.0,16685.0,16387.0,16454.0,1503.6414
2022-11-27 00:00:00+00:00,16451.0,16587.0,16402.0,16424.0,1189.7947
2022-11-28 00:00:00+00:00,16420.0,16477.0,16004.0,16210.0,3254.702
2022-11-29 00:00:00+00:00,16205.0,16529.0,16102.0,16434.0,2310.8708
2022-11-30 00:00:00+00:00,16437.0,17223.0,16430.0,17170.0,4442.4272
2022-12-01 00:00:00+00:00,17166.0,17250.0,16864.0,16977.0,3207.291
2022-12-02 00:00:00+00:00,16976.0,17102.0,16800.0,17095.0,2329.033
2022-12-03 00:00:00+00:00,17095.0,17150.0,16868.0,16886.0,1177.0127
2022-12-04 00:00:00+00:00,16886.0,17195.0,16886.0,17114.0,1603.5516
2022-12-05 00:00:00+00:00,17113.0,17418.0,16879.0,16968.0,2251.5195
2022-12-06 00:00:00+00:00,16968.0,17101.0,16914.0,17087.0,1303.3712
2022-12-07 00:00:00+00:00,17091.0,17131.0,16736.0,16836.0,1185.3933
2022-12-08 00:00:00+00:00,16838.0,17296.0,16734.0,17229.0,1724.6935
2022-12-09 00:00:00+00:00,17229.0,17353.0,17073.0,17128.0,1226.7057
2022-12-10 00:00:00+00:00,17129.0,17223.0,17100.0,17128.0,677.7418
2022-12-11 00:00:00+00:00,17128.0,17264.0,17080.0,17091.0,1239.3578
2022-12-12 00:00:00+00:00,17089.0,17240.0,16881.0,17209.0,1695.0565
2022-12-13 00:00:00+00:00,17214.0,18106.0,17093.0,17772.0,3838.865
2022-12-14 00:00:00+00:00,17771.0,18373.0,17667.0,17803.0,3836.8655
2022-12-15 00:00:00+00:00,17806.0,17853.0,17288.0,17362.0,1887.3717
2022-12-16 00:00:00+00:00,17361.0,17525.0,16572.0,16633.0,2853.9683
2022-12-17 00:00:00+00:00,16635.0,16794.0,16596.0,16781.0,1114.3702
2022-12-18 00:00:00+00:00,16780.0,16850.0,16676.0,16749.0,695.9909
2022-12-19 00:00:00+00:00,16744.0,16815.0,16293.0,16446.0,2157.4417
2022-12-20 00:00:00+00:00,16441.0,17046.0,16402.0,16898.0,2115.979
2022-12-21 00:00:00+00:00,16899.0,16919.0,16719.0,16824.0,1618.7673
2022-12-22 00:00:00+00:00,16823.0,16863.0,16570.0,16821.0,1946.3053
2022-12-23 00:00:00+00:00,16821.0,16916.0,16750.0,16779.0,2138.4468
2022-12-24 00:00:00+00:00,16779.0,16848.0,16779.0,16839.0,960.3266
2022-12-25 00:00:00+00:00,16839.0,16850.0,16731.0,16828.0,717.9656
2022-12-26 00:00:00+00:00,16828.0,16933.0,16801.0,16917.0,731.857
2022-12-27 00:00:00+00:00,16920.0,16961.0,16588.0,16700.0,2204.704
2022-12-28 00:00:00+00:00,16699.0,16772.0,16465.0,16540.0,2220.788
2022-12-29 00:00:00+00:00,16540.0,16650.0,16486.0,16628.0,1560.4398
2022-12-30 00:00:00+00:00,16628.0,16650.0,16337.0,16603.0,2223.644
2022-12-31 00:00:00+00:00,16602.0,16627.0,16471.0,16528.0,602.4344
2023-01-01 00:00:00+00:00,16530.0,16622.0,16496.0,16615.0,473.83273
2023-01-02 00:00:00+00:00,16615.0,16782.0,16552.0,16673.0,1046.7274
2023-01-03 00:00:00+00:00,16668.0,16766.0,16605.0,16670.0,1388.072
2023-01-04 00:00:00+00:00,16673.0,16984.0,16652.0,16849.0,2038.0302
2023-01-05 00:00:00+00:00,16847.0,16871.0,16755.0,16826.0,1131.6194
2023-01-06 00:00:00+00:00,16826.0,17024.0,16669.0,16950.0,1738.5797
2023-01-07 00:00:00+00:00,16951.0,16975.0,16907.0,16945.0,523.75446
2023-01-08 00:00:00+00:00,16946.0,17163.0,16915.0,17119.0,816.5721
2023-01-09 00:00:00+00:00,17124.0,17393.0,17108.0,17179.0,2213.3481
2023-01-10 00:00:00+00:00,17177.0,17490.0,17147.0,17446.0,1354.4352
2023-01-11 00:00:00+00:00,17448.0,17992.0,17318.0,17930.0,1904.4523
2023-01-12 00:00:00+00:00,17948.0,19114.0,17911.0,18853.0,5124.5586
2023-01-13 00:00:00+00:00,18852.0,19991.0,18720.0,19931.0,3765.2742
2023-01-14 00:00:00+00:00,19936.0,21247.0,19895.0,20960.0,6843.486
2023-01-15 00:00:00+00:00,20961.0,21052.0,20549.0,20885.0,1352.7202
2023-01-16 00:00:00+00:00,20879.0,21456.0,20634.0,21189.0,3236.9573
2023-01-17 00:00:00+00:00,21186.0,21594.0,20863.0,21134.0,2302.3975
2023-01-18 00:00:00+00:00,21136.0,21646.0,20358.0,20670.0,3794.7568
2023-01-19 00:00:00+00:00,20678.0,21185.0,20654.0,21086.0,2391.6707
2023-01-20 00:00:00+00:00,21085.0,22750.0,20869.0,22678.0,2937.1475
2023-01-21 00:00:00+00:00,22670.0,23362.0,22442.0,22783.0,3013.23
2023-01-22 00:00:00+00:00,22791.0,23076.0,22314.0,22717.0,1548.9707
2023-01-23 00:00:00+00:00,22708.0,23167.0,22525.0,22922.0,1699.0365
2023-01-24 00:00:00+00:00,22922.0,23162.0,22473.0,22637.0,1953.7322
2023-01-25 00:00:00+00:00,22636.0,23815.0,22334.0,23054.0,2582.1204
2023-01-26 00:00:00+00:00,23063.0,23282.0,22866.0,23010.0,1472.7448
2023-01-27 00:00:00+00:00,23011.0,23500.0,22541.0,23083.0,2086.7065
2023-01-28 00:00:00+00:00,23082.0,23187.0,22894.0,23033.0,834.35223
2023-01-29 00:00:00+00:00,23031.0,23954.0,22981.0,23746.0,1620.9828
2023-01-30 00:00:00+00:00,23748.0,23799.0,22504.0,22831.0,2081.8228
2023-01-31 00:00:00+00:00,22831.0,23318.0,22724.0,23127.0,1557.9846
2023-02-01 00:00:00+00:00,23134.0,23810.0,22768.0,23735.0,2468.5225
2023-02-02 00:00:00+00:00,23736.0,24258.0,23377.0,23498.0,2609.5825
2023-02-03 00:00:00+00:00,23503.0,23719.0,23212.0,23434.0,1742.0712
2023-02-04 00:00:00+00:00,23421.0,23582.0,23266.0,23330.0,778.7309
2023-02-05 00:00:00+00:00,23328.0,23428.0,22766.0,22937.0,1525.5016
2023-02-06 00:00:00+00:00,22942.0,23148.0,22643.0,22763.0,1731.6028
2023-02-07 00:00:00+00:00,22761.0,23338.0,22751.0,23252.0,2758.4756
2023-02-08 00:00:00+00:00,23246.0,23439.0,22686.0,22961.0,1236.3715
2023-02-09 00:00:00+00:00,22965.0,23003.0,21700.0,21802.0,2260.7852
2023-02-10 00:00:00+00:00,21803.0,21939.0,21454.0,21639.0,1503.9933
2023-02-11 00:00:00+00:00,21631.0,21904.0,21610.0,21868.0,699.37256
2023-02-12 00:00:00+00:00,21868.0,22086.0,21649.0,21789.0,1481.7858
2023-02-13 00:00:00+00:00,21790.0,21897.0,21376.0,21790.0,1923.0374
2023-02-14 00:00:00+00:00,21790.0,22316.0,21569.0,22211.0,2032.4427
2023-02-15 00:00:00+00:00,22208.0,24374.0,22064.0,24332.0,2316.2383
2023-02-16 00:00:00+00:00,24332.0,25270.0,23520.0,23521.0,3634.8003
2023-02-17 00:00:00+00:00,23518.0,25014.0,23369.0,24580.0,3328.631
2023-02-18 00:00:00+00:00,24577.0,24869.0,24450.0,24640.0,721.1887
2023-02-19 00:00:00+00:00,24638.0,25183.0,24211.0,24296.0,1717.1582
2023-02-20 00:00:00+00:00,24271.0,25118.0,23862.0,24843.0,1828.5377
2023-02-21 00:00:00+00:00,24843.0,25250.0,24165.0,24450.0,2506.0574
2023-02-22 00:00:00+00:00,24450.0,24474.0,23594.0,24188.0,1951.9597
2023-02-23 00:00:00+00:00,24188.0,24590.0,23636.0,23939.0,2000.2822
2023-02-24 00:00:00+00:00,23939.0,24124.0,22865.0,23189.0,2782.7888
2023-02-25 00:00:00+00:00,23186.0,23215.0,22770.0,23161.0,863.3722
2023-02-26 00:00:00+00:00,23166.0,23678.0,23068.0,23562.0,1019.20087
2023-02-27 00:00:00+00:00,23560.0,23890.0,23126.0,23493.0,1768.1257
2023-02-28 00:00:00+00:00,23497.0,23594.0,23048.0,23136.0,1185.7046
2023-03-01 00:00:00+00:00,23146.0,23990.0,23040.0,23634.0,1748.0469
2023-03-02 00:00:00+00:00,23632.0,23791.0,23206.0,23466.0,1090.9032
2023-03-03 00:00:00+00:00,23469.0,23477.0,22000.0,22359.0,2878.0222
2023-03-04 00:00:00+00:00,22359.0,22401.0,22170.0,22347.0,608.34766
2023-03-05 00:00:00+00:00,22347.0,22652.0,22212.0,22428.0,944.6643
2023-03-06 00:00:00+00:00,22427.0,22590.0,22263.0,22407.0,1156.2347
2023-03-07 00:00:00+00:00,22414.0,22547.0,21931.0,22200.0,1837.7223
2023-03-08 00:00:00+00:00,22197.0,22275.0,21590.0,21704.0,1477.1841
2023-03-09 00:00:00+00:00,21697.0,21824.0,20043.0,20367.0,3373.1492
2023-03-10 00:00:00+00:00,20368.0,20368.0,19569.0,20220.0,4695.237
2023-03-11 00:00:00+00:00,20226.0,20874.0,19893.0,20618.0,3590.954
2023-03-12 00:00:00+00:00,20615.0,22269.0,20456.0,22183.0,3599.4946
2023-03-13 00:00:00+00:00,22190.0,24618.0,21900.0,24209.0,6738.2656
2023-03-14 00:00:00+00:00,24210.0,26533.0,24070.0,24750.0,7966.0234
2023-03-15 00:00:00+00:00,24745.0,25273.0,23940.0,24368.0,4368.446
2023-03-16 00:00:00+00:00,24361.0,25217.0,24229.0,25050.0,2430.85
2023-03-17 00:00:00+00:00,25051.0,27818.0,24954.0,27466.0,5166.2827
2023-03-18 00:00:00+00:00,27466.0,27776.0,26707.0,26980.0,2933.7969
2023-03-19 00:00:00+00:00,26992.0,28474.0,26900.0,28054.0,2615.7124
2023-03-20 00:00:00+00:00,28081.0,28567.0,27231.0,27815.0,3998.0935
2023-03-21 00:00:00+00:00,27808.0,28497.0,27436.0,28192.0,2955.1162
2023-03-22 00:00:00+00:00,28184.0,28936.0,26688.0,27320.0,5024.2104
2023-03-23 00:00:00+00:00,27320.0,28818.0,27187.0,28343.0,3199.6545
2023-03-24 00:00:00+00:00,28352.0,29380.0,27043.0,27493.0,2789.4495
2023-03-25 00:00:00+00:00,27497.0,27810.0,27210.0,27499.0,963.8384
2023-03-26 00:00:00+00:00,27493.0,28217.0,27453.0,28004.0,1100.2034
2023-03-27 00:00:00+00:00,27992.0,28051.0,26541.0,27142.0,2258.9639
2023-03-28 00:00:00+00:00,27142.0,27514.0,26647.0,27272.0,2137.042
2023-03-29 00:00:00+00:00,27272.0,28650.0,27258.0,28353.0,2161.813
2023-03-30 00:00:00+00:00,28353.0,29170.0,27706.0,28039.0,2912.7258
2023-03-31 00:00:00+00:00,28036.0,28653.0,27533.0,28476.0,2301.1824
2023-04-01 00:00:00+00:00,28476.0,28816.0,28237.0,28469.0,656.3368
2023-04-02 00:00:00+00:00,28469.0,28544.0,27891.0,28186.0,689.98224
2023-04-03 00:00:00+00:00,28179.0,28506.0,27236.0,27816.0,2393.2263
2023-04-04 00:00:00+00:00,27820.0,28447.0,27686.0,28178.0,1294.5974
2023-04-05 00:00:00+00:00,28178.0,28782.0,27823.0,28183.0,1576.3074
2023-04-06 00:00:00+00:00,28181.0,28199.0,27723.0,28051.0,1064.8801
2023-04-07 00:00:00+00:00,28054.0,28118.0,27797.0,27931.0,436.47964
2023-04-08 00:00:00+00:00,27931.0,28174.0,27891.0,27969.0,417.76312
2023-04-09 00:00:00+00:00,27968.0,28544.0,27833.0,28340.0,718.54767
2023-04-10 00:00:00+00:00,28353.0,29789.0,28184.0,29652.0,2711.673
2023-04-11 00:00:00+00:00,29657.0,30575.0,29617.0,30246.0,2689.4048
2023-04-12 00:00:00+00:00,30255.0,30503.0,29689.0,29903.0,1926.9419
2023-04-13 00:00:00+00:00,29914.0,30614.0,29889.0,30410.0,1503.9343
2023-04-14 00:00:00+00:00,30411.0,31035.0,30001.0,30498.0,2540.1406
2023-04-15 00:00:00+00:00,30498.0,30620.0,30249.0,30332.0,560.64014
2023-04-16 00:00:00+00:00,30327.0,30567.0,30157.0,30330.0,656.81165
2023-04-17 00:00:00+00:00,30328.0,30337.0,29247.0,29448.0,2077.003
2023-04-18 00:00:00+00:00,29452.0,30483.0,29122.0,30395.0,1827.4677
2023-04-19 00:00:00+00:00,30388.0,30423.0,28603.0,28827.0,3869.0964
2023-04-20 00:00:00+00:00,28814.0,29098.0,28005.0,28238.0,2450.0632
2023-04-21 00:00:00+00:00,28240.0,28362.0,27140.0,27254.0,2455.8997
2023-04-22 00:00:00+00:00,27253.0,27883.0,27137.0,27817.0,1010.4474
2023-04-23 00:00:00+00:00,27820.0,27820.0,27347.0,27596.0,798.04553
2023-04-24 00:00:00+00:00,27594.0,27998.0,26981.0,27512.0,2236.655
2023-04-25 00:00:00+00:00,27515.0,28392.0,27197.0,28300.0,1874.1663
2023-04-26 00:00:00+00:00,28306.0,30022.0,27242.0,28428.0,5277.187
2023-04-27 00:00:00+00:00,28427.0,29887.0,28389.0,29485.0,3748.6057
2023-04-28 00:00:00+00:00,29486.0,29600.0,28922.0,29333.0,2449.075
2023-04-29 00:00:00+00:00,29339.0,29460.0,29061.0,29247.0,932.4796
2023-04-30 00:00:00+00:00,29252.0,29961.0,29115.0,29235.0,1415.255
2023-05-01 00:00:00+00:00,29254.0,29344.0,27666.0,28079.0,2913.8628
2023-05-02 00:00:00+00:00,28079.0,28894.0,27876.0,28680.0,1935.5565
2023-05-03 00:00:00+00:00,28682.0,29276.0,28138.0,29033.0,2838.4524
2023-05-04 00:00:00+00:00,29033.0,29378.0,28691.0,28851.0,1656.2792
2023-05-05 00:00:00+00:00,28860.0,29701.0,28832.0,29547.0,1923.1698
2023-05-06 00:00:00+00:00,29537.0,29851.0,28422.0,28911.0,1443.1718
2023-05-07 00:00:00+00:00,28909.0,29194.0,28444.0,28472.0,1021.45715
2023-05-08 00:00:00+00:00,28485.0,28667.0,27290.0,27690.0,2936.799
2023-05-09 00:00:00+00:00,27688.0,27841.0,27372.0,27650.0,1573.5308
2023-05-10 00:00:00+00:00,27648.0,28328.0,26842.0,27618.0,2848.9426
2023-05-11 00:00:00+00:00,27624.0,27640.0,26720.0,26991.0,2126.871
2023-05-12 00:00:00+00:00,26987.0,27093.0,25800.0,26811.0,4842.9824
2023-05-13 00:00:00+00:00,26816.0,27052.0,26710.0,26789.0,1269.3047
2023-05-14 00:00:00+00:00,26789.0,27202.0,26598.0,26933.0,1325.6343
2023-05-15 00:00:00+00:00,26933.0,27666.0,26736.0,27166.0,1805.1295
2023-05-16 00:00:00+00:00,27166.0,27300.0,26868.0,27037.0,1730.3376
2023-05-17 00:00:00+00:00,27037.0,27488.0,26550.0,27404.0,2653.3677
2023-05-18 00:00:00+00:00,27413.0,27481.0,26374.0,26818.0,1987.5768
2023-05-19 00:00:00+00:00,26824.0,27176.0,26651.0,26893.0,1277.2328
2023-05-20 00:00:00+00:00,26889.0,27153.0,26840.0,27115.0,603.0194
2023-05-21 00:00:00+00:00,27123.0,27277.0,26688.0,26750.0,654.14746
2023-05-22 00:00:00+00:00,26753.0,27078.0,26547.0,26856.0,1111.8739
2023-05-23 00:00:00+00:00,26856.0,27478.0,26810.0,27226.0,1174.4197
2023-05-24 00:00:00+00:00,27225.0,27225.0,26076.0,26325.0,2214.544
2023-05-25 00:00:00+00:00,26325.0,26611.0,25878.0,26478.0,1646.8258
2023-05-26 00:00:00+00:00,26486.0,26937.0,26338.0,26718.0,1666.1024
2023-05-27 00:00:00+00:00,26716.0,26893.0,26566.0,26872.0,636.46387
2023-05-28 00:00:00+00:00,26875.0,28248.0,26785.0,28072.0,1665.6492
2023-05-29 00:00:00+00:00,28071.0,28452.0,27542.0,27749.0,1684.6783
2023-05-30 00:00:00+00:00,27748.0,28054.0,27570.0,27706.0,1567.5511
2023-05-31 00:00:00+00:00,27701.0,27840.0,26857.0,27219.0,1863.4762
2023-06-01 00:00:00+00:00,27220.0,27356.0,26625.0,26826.0,2004.3572
2023-06-02 00:00:00+00:00,26821.0,27300.0,26519.0,27251.0,1671.4344
2023-06-03 00:00:00+00:00,27250.0,27332.0,26937.0,27076.0,772.42194
2023-06-04 00:00:00+00:00,27076.0,27451.0,26963.0,27125.0,789.8996
2023-06-05 00:00:00+00:00,27114.0,27138.0,25389.0,25739.0,3837.5903
2023-06-06 00:00:00+00:00,25730.0,27357.0,25350.0,27236.0,3965.2117
2023-06-07 00:00:00+00:00,27252.0,27388.0,26140.0,26348.0,2996.805
2023-06-08 00:00:00+00:00,26347.0,26809.0,26225.0,26510.0,1530.4255
2023-06-09 00:00:00+00:00,26507.0,26778.0,26289.0,26484.0,1059.7985
2023-06-10 00:00:00+00:00,26486.0,26528.0,25420.0,25857.0,3074.5422
2023-06-11 00:00:00+00:00,25857.0,26209.0,25657.0,25941.0,1020.9924
2023-06-12 00:00:00+00:00,25940.0,26103.0,25634.0,25906.0,1761.0254
2023-06-13 00:00:00+00:00,25906.0,26422.0,25718.0,25934.0,1895.968
2023-06-14 00:00:00+00:00,25935.0,26078.0,24819.0,25127.0,2747.1287
2023-06-15 00:00:00+00:00,25125.0,25729.0,24756.0,25573.0,2880.4424
2023-06-16 00:00:00+00:00,25567.0,26485.0,25188.0,26333.0,2556.8403
2023-06-17 00:00:00+00:00,26333.0,26785.0,26173.0,26507.0,1155.4852
2023-06-18 00:00:00+00:00,26513.0,26685.0,26267.0,26340.0,1005.7144
2023-06-19 00:00:00+00:00,26336.0,27050.0,26260.0,26842.0,1828.9652
2023-06-20 00:00:00+00:00,26840.0,28441.0,26651.0,28315.0,3123.514
2023-06-21 00:00:00+00:00,28316.0,30755.0,28280.0,30009.0,6043.643
2023-06-22 00:00:00+00:00,30010.0,30505.0,29600.0,29889.0,3777.4314
2023-06-23 00:00:00+00:00,29891.0,31458.0,29820.0,30716.0,4388.3857
2023-06-24 00:00:00+00:00,30703.0,30821.0,30287.0,30548.0,1211.735
2023-06-25 00:00:00+00:00,30550.0,31047.0,30295.0,30477.0,1480.2711
2023-06-26 00:00:00+00:00,30480.0,30657.0,29941.0,30274.0,2062.0793
2023-06-27 00:00:00+00:00,30278.0,31025.0,30235.0,30696.0,2087.558
2023-06-28 00:00:00+00:00,30697.0,30712.0,29868.0,30079.0,1867.5457
2023-06-29 00:00:00+00:00,30078.0,30825.0,30041.0,30444.0,1924.6183
2023-06-30 00:00:00+00:00,30445.0,31268.0,29508.0,30469.0,4944.39
2023-07-01 00:00:00+00:00,30469.0,30647.0,30321.0,30592.0,603.9348
2023-07-02 00:00:00+00:00,30590.0,30785.0,30175.0,30616.0,1091.402
2023-07-03 00:00:00+00:00,30616.0,31378.0,30587.0,31158.0,1549.4934
2023-07-04 00:00:00+00:00,31165.0,31327.0,30637.0,30771.0,848.52454
2023-07-05 00:00:00+00:00,30767.0,30866.0,30206.0,30501.0,1179.4894
2023-07-06 00:00:00+00:00,30498.0,31500.0,29868.0,29912.0,3087.6338
2023-07-07 00:00:00+00:00,29901.0,30445.0,29722.0,30348.0,1886.4711
2023-07-08 00:00:00+00:00,30348.0,30383.0,30056.0,30293.0,602.99396
2023-07-09 00:00:00+00:00,30293.0,30439.0,30073.0,30167.0,640.4848
2023-07-10 00:00:00+00:00,30170.0,31037.0,29964.0,30421.0,1899.4855
2023-07-11 00:00:00+00:00,30417.0,30804.0,30310.0,30621.0,1275.0188
2023-07-12 00:00:00+00:00,30631.0,30960.0,30219.0,30382.0,1734.6198
2023-07-13 00:00:00+00:00,30383.0,31818.0,30259.0,31471.0,3038.411
2023-07-14 00:00:00+00:00,31474.0,31635.0,29961.0,30331.0,2687.885
2023-07-15 00:00:00+00:00,30328.0,30403.0,30260.0,30301.0,483.23087
2023-07-16 00:00:00+00:00,30300.0,30442.0,30067.0,30253.0,999.6758
2023-07-17 00:00:00+00:00,30247.0,30341.0,29675.0,30154.0,1810.6123
2023-07-18 00:00:00+00:00,30144.0,30244.0,29521.0,29868.0,1637.2671
2023-07-19 00:00:00+00:00,29862.0,30188.0,29757.0,29919.0,1446.8843
2023-07-20 00:00:00+00:00,29917.0,30414.0,29567.0,29806.0,1431.3619
2023-07-21 00:00:00+00:00,29806.0,30051.0,29735.0,29908.0,1197.7339
2023-07-22 00:00:00+00:00,29908.0,29995.0,29640.0,29789.0,630.3918
2023-07-23 00:00:00+00:00,29790.0,30342.0,29742.0,30085.0,766.4673
2023-07-24 00:00:00+00:00,30085.0,30099.0,28842.0,29177.0,2817.8381
2023-07-25 00:00:00+00:00,29176.0,29362.0,29054.0,29224.0,1213.4913
2023-07-26 00:00:00+00:00,29224.0,29678.0,29100.0,29354.0,1517.2415
2023-07-27 00:00:00+00:00,29353.0,29563.0,29081.0,29219.0,1313.6437
2023-07-28 00:00:00+00:00,29214.0,29525.0,29121.0,29317.0,1241.4843
2023-07-29 00:00:00+00:00,29316.0,29404.0,29251.0,29360.0,402.48553
2023-07-30 00:00:00+00:00,29360.0,29446.0,29034.0,29279.0,792.1789
2023-07-31 00:00:00+00:00,29279.0,29511.0,29115.0,29231.0,899.8709
2023-08-01 00:00:00+00:00,29221.0,29715.0,28574.0,29696.0,2302.7703
2023-08-02 00:00:00+00:00,29697.0,30025.0,28929.0,29164.0,1990.0713
2023-08-03 00:00:00+00:00,29157.0,29395.0,28925.0,29176.0,1359.6523
2023-08-04 00:00:00+00:00,29175.0,29306.0,28784.0,29077.0,1430.6349
2023-08-05 00:00:00+00:00,29075.0,29107.0,28950.0,29049.0,339.31235
2023-08-06 00:00:00+00:00,29049.0,29159.0,28962.0,29042.0,494.2372
2023-08-07 00:00:00+00:00,29041.0,29244.0,28671.0,29181.0,1440.4955
2023-08-08 00:00:00+00:00,29186.0,30210.0,29107.0,29764.0,2548.2087
2023-08-09 00:00:00+00:00,29776.0,30119.0,29352.0,29565.0,1342.0818
2023-08-10 00:00:00+00:00,29565.0,29703.0,29294.0,29423.0,1091.2582
2023-08-11 00:00:00+00:00,29424.0,29525.0,29222.0,29398.0,839.58344
2023-08-12 00:00:00+00:00,29398.0,29465.0,29350.0,29415.0,349.63678
2023-08-13 00:00:00+00:00,29415.0,29443.0,29254.0,29284.0,357.15475
2023-08-14 00:00:00+00:00,29280.0,29659.0,29086.0,29408.0,1281.1078
2023-08-15 00:00:00+00:00,29408.0,29455.0,29060.0,29172.0,1081.0105
2023-08-16 00:00:00+00:00,29171.0,29224.0,28693.0,28701.0,1798.0762
2023-08-17 00:00:00+00:00,28692.0,28757.0,26266.0,26642.0,4949.559
2023-08-18 00:00:00+00:00,26632.0,26813.0,25601.0,26051.0,2639.6882
2023-08-19 00:00:00+00:00,26051.0,26264.0,25798.0,26097.0,1021.3493
2023-08-20 00:00:00+00:00,26097.0,26297.0,25979.0,26192.0,711.93304
2023-08-21 00:00:00+00:00,26193.0,26240.0,25828.0,26125.0,1609.3546
2023-08-22 00:00:00+00:00,26125.0,26137.0,25350.0,26042.0,1785.386
2023-08-23 00:00:00+00:00,26048.0,26800.0,25805.0,26431.0,2472.527
2023-08-24 00:00:00+00:00,26429.0,26562.0,25852.0,26168.0,1678.6282
2023-08-25 00:00:00+00:00,26169.0,26281.0,25748.0,26048.0,1924.7079
2023-08-26 00:00:00+00:00,26050.0,26102.0,25976.0,26008.0,249.04301
2023-08-27 00:00:00+00:00,26007.0,26168.0,25962.0,26090.0,399.56937
2023-08-28 00:00:00+00:00,26087.0,26223.0,25856.0,26103.0,1212.3446
2023-08-29 00:00:00+00:00,26103.0,28142.0,25913.0,27726.0,4581.622
2023-08-30 00:00:00+00:00,27722.0,27757.0,27006.0,27300.0,2084.6448
2023-08-31 00:00:00+00:00,27302.0,27537.0,25683.0,25932.0,2809.7317
2023-09-01 00:00:00+00:00,25927.0,26134.0,25333.0,25798.0,1970.689
2023-09-02 00:00:00+00:00,25801.0,25980.0,25753.0,25870.0,557.92664
2023-09-03 00:00:00+00:00,25870.0,26112.0,25807.0,25970.0,719.53815
2023-09-04 00:00:00+00:00,25972.0,26081.0,25646.0,25819.0,1083.7042
2023-09-05 00:00:00+00:00,25827.0,25862.0,25547.0,25783.0,1006.6799
2023-09-06 00:00:00+00:00,25783.0,26000.0,25386.0,25748.0,1278.2085
2023-09-07 00:00:00+00:00,25750.0,26417.0,25600.0,26245.0,1647.3519
2023-09-08 00:00:00+00:00,26256.0,26429.0,25652.0,25908.0,1649.4778
2023-09-09 00:00:00+00:00,25908.0,25927.0,25801.0,25899.0,436.09097
2023-09-10 00:00:00+00:00,25899.0,26018.0,25588.0,25836.0,876.91156
2023-09-11 00:00:00+00:00,25836.0,25881.0,24920.0,25155.0,2016.0826
2023-09-12 00:00:00+00:00,25157.0,26529.0,25129.0,25844.0,3217.4424
2023-09-13 00:00:00+00:00,25842.0,26395.0,25762.0,26226.0,1566.2775
2023-09-14 00:00:00+00:00,26229.0,26849.0,26143.0,26529.0,2087.0261
2023-09-15 00:00:00+00:00,26529.0,26878.0,26228.0,26607.0,1388.809
2023-09-16 00:00:00+00:00,26609.0,26767.0,26459.0,26571.0,609.7138
2023-09-17 00:00:00+00:00,26571.0,26618.0,26414.0,26535.0,522.97894
2023-09-18 00:00:00+00:00,26533.0,27422.0,26382.0,26770.0,2015.8297
2023-09-19 00:00:00+00:00,26766.0,27486.0,26682.0,27214.0,1886.7306
2023-09-20 00:00:00+00:00,27220.0,27389.0,26852.0,27128.0,2264.8384
2023-09-21 00:00:00+00:00,27124.0,27177.0,26376.0,26563.0,1557.0555
2023-09-22 00:00:00+00:00,26568.0,26733.0,26479.0,26581.0,683.499
2023-09-23 00:00:00+00:00,26577.0,26634.0,26519.0,26583.0,263.3226
2023-09-24 00:00:00+00:00,26582.0,26730.0,26148.0,26248.0,778.78033
2023-09-25 00:00:00+00:00,26215.0,26436.0,25977.0,26297.0,1307.3861
2023-09-26 00:00:00+00:00,26298.0,26386.0,26085.0,26208.0,884.5819
2023-09-27 00:00:00+00:00,26203.0,26823.0,26095.0,26361.0,1845.6953
2023-09-28 00:00:00+00:00,26361.0,27297.0,26325.0,27026.0,2763.6082
2023-09-29 00:00:00+00:00,27029.0,27235.0,26682.0,26911.0,1536.6151
2023-09-30 00:00:00+00:00,26910.0,27093.0,26884.0,26966.0,532.6069
2023-10-01 00:00:00+00:00,26965.0,28053.0,26959.0,27995.0,1264.6454
2023-10-02 00:00:00+00:00,27995.0,28592.0,27333.0,27507.0,2577.9731
2023-10-03 00:00:00+00:00,27509.0,27670.0,27170.0,27435.0,1304.1829
2023-10-04 00:00:00+00:00,27431.0,27831.0,27221.0,27790.0,1275.0111
2023-10-05 00:00:00+00:00,27787.0,28125.0,27369.0,27417.0,1535.5784
2023-10-06 00:00:00+00:00,27420.0,28301.0,27185.0,27948.0,1718.7535
2023-10-07 00:00:00+00:00,27945.0,28034.0,27864.0,27971.0,355.00217
2023-10-08 00:00:00+00:00,27976.0,28104.0,27715.0,27933.0,559.6878
2023-10-09 00:00:00+00:00,27930.0,27996.0,27280.0,27594.0,1186.7245
2023-10-10 00:00:00+00:00,27598.0,27733.0,27294.0,27395.0,1183.5837
2023-10-11 00:00:00+00:00,27394.0,27474.0,26533.0,26874.0,2042.7773
2023-10-12 00:00:00+00:00,26870.0,26933.0,26545.0,26756.0,1099.97
2023-10-13 00:00:00+00:00,26744.0,27108.0,26675.0,26867.0,1292.1278
2023-10-14 00:00:00+00:00,26867.0,26981.0,26800.0,26855.0,421.7198
2023-10-15 00:00:00+00:00,26858.0,27299.0,26814.0,27174.0,758.2545
2023-10-16 00:00:00+00:00,27161.0,29900.0,27123.0,28518.0,4785.4194
2023-10-17 00:00:00+00:00,28520.0,28627.0,28081.0,28408.0,1864.8811
2023-10-18 00:00:00+00:00,28408.0,28984.0,28156.0,28328.0,1413.0764
2023-10-19 00:00:00+00:00,28327.0,28916.0,28138.0,28733.0,1546.7397
2023-10-20 00:00:00+00:00,28734.0,30233.0,28595.0,29688.0,2771.3928
2023-10-21 00:00:00+00:00,29682.0,30364.0,29483.0,29927.0,918.2619
2023-10-22 00:00:00+00:00,29921.0,30247.0,29678.0,30002.0,921.9091
2023-10-23 00:00:00+00:00,30007.0,34283.0,29898.0,33074.0,5126.766
2023-10-24 00:00:00+00:00,33090.0,35198.0,32852.0,33917.0,5503.075
2023-10-25 00:00:00+00:00,33928.0,35138.0,33686.0,34498.0,2514.838
2023-10-26 00:00:00+00:00,34494.0,34834.0,33738.0,34165.0,2077.766
2023-10-27 00:00:00+00:00,34148.0,34245.0,33407.0,33906.0,2094.0378
2023-10-28 00:00:00+00:00,33902.0,34506.0,33878.0,34091.0,772.85565
2023-10-29 00:00:00+00:00,34090.0,34755.0,33945.0,34538.0,949.3334
2023-10-30 00:00:00+00:00,34549.0,34860.0,34095.0,34495.0,1843.1567
2023-10-31 00:00:00+00:00,34489.0,34730.0,34061.0,34661.0,1565.2876
2023-11-01 00:00:00+00:00,34667.0,35612.0,34102.0,35440.0,2098.1663
2023-11-02 00:00:00+00:00,35440.0,35968.0,34320.0,34937.0,1636.7576
2023-11-03 00:00:00+00:00,34947.0,34947.0,34132.0,34727.0,1346.4268
2023-11-04 00:00:00+00:00,34734.0,35276.0,34609.0,35086.0,789.13293
2023-11-05 00:00:00+00:00,35086.0,35396.0,34495.0,35045.0,816.10443
2023-11-06 00:00:00+00:00,35043.0,35290.0,34766.0,35042.0,1069.0198
2023-11-07 00:00:00+00:00,35061.0,35891.0,34530.0,35414.0,1785.9642
2023-11-08 00:00:00+00:00,35417.0,36150.0,35111.0,35640.0,1364.3557
2023-11-09 00:00:00+00:00,35633.0,37978.0,35578.0,36693.0,3016.2825
2023-11-10 00:00:00+00:00,36700.0,37558.0,36343.0,37319.0,1622.6384
2023-11-11 00:00:00+00:00,37350.0,37422.0,36673.0,37152.0,808.3067
2023-11-12 00:00:00+00:00,37136.0,37237.0,36758.0,37086.0,549.56244
2023-11-13 00:00:00+00:00,37085.0,37421.0,36355.0,36485.0,1510.5192
2023-11-14 00:00:00+00:00,36474.0,36749.0,35002.0,35564.0,1717.0452
2023-11-15 00:00:00+00:00,35564.0,37975.0,35378.0,37877.0,2493.8608
2023-11-16 00:00:00+00:00,37886.0,37960.0,35539.0,36165.0,2074.978
2023-11-17 00:00:00+00:00,36167.0,36800.0,35891.0,36625.0,1897.0804
2023-11-18 00:00:00+00:00,36626.0,36851.0,36211.0,36590.0,600.6368
2023-11-19 00:00:00+00:00,36591.0,37520.0,36420.0,37426.0,1248.8633
2023-11-20 00:00:00+00:00,37426.0,37769.0,36716.0,37480.0,2466.923
2023-11-21 00:00:00+00:00,37473.0,37664.0,35758.0,35758.0,2635.3435
2023-11-22 00:00:00+00:00,35762.0,37865.0,35651.0,37424.0,2070.1724
2023-11-23 00:00:00+00:00,37432.0,37649.0,36886.0,37301.0,1022.4066
2023-11-24 00:00:00+00:00,37312.0,38437.0,37266.0,37746.0,1802.0317
2023-11-25 00:00:00+00:00,37750.0,37908.0,37619.0,37809.0,420.037
2023-11-26 00:00:00+00:00,37811.0,37837.0,37173.0,37460.0,956.68365
2023-11-27 00:00:00+00:00,37467.0,37574.0,36727.0,37240.0,1461.3081
2023-11-28 00:00:00+00:00,37240.0,38420.0,36883.0,37839.0,2929.1794
2023-11-29 00:00:00+00:00,37842.0,38457.0,37597.0,37863.0,1596.9758
2023-11-30 00:00:00+00:00,37864.0,38173.0,37510.0,37719.0,1238.4957
2023-12-01 00:00:00+00:00,37731.0,39000.0,37628.0,38707.0,1584.7443
2023-12-02 00:00:00+00:00,38707.0,39725.0,38663.0,39474.0,1009.37915
2023-12-03 00:00:00+00:00,39474.0,40210.0,39304.0,39989.0,1030.4312
2023-12-04 00:00:00+00:00,39988.0,42404.0,39988.0,41985.0,2457.1426
2023-12-05 00:00:00+00:00,41979.0,44490.0,41415.0,44075.0,2381.7188
2023-12-06 00:00:00+00:00,44087.0,44282.0,43419.0,43764.0,1590.8953
2023-12-07 00:00:00+00:00,43764.0,44044.0,42849.0,43291.0,1537.5768
2023-12-08 00:00:00+00:00,43296.0,44729.0,43078.0,44193.0,1710.2603
2023-12-09 00:00:00+00:00,44210.0,44362.0,43605.0,43712.0,1039.3596
2023-12-10 00:00:00+00:00,43710.0,44038.0,43582.0,43786.0,872.8257
2023-12-11 00:00:00+00:00,43786.0,43801.0,40181.0,41242.0,4261.4854
2023-12-12 00:00:00+00:00,41232.0,42071.0,40649.0,41458.0,1610.5608
2023-12-13 00:00:00+00:00,41483.0,43440.0,40589.0,42888.0,2644.8364
2023-12-14 00:00:00+00:00,42899.0,43409.0,41509.0,43031.0,2002.0778
2023-12-15 00:00:00+00:00,43047.0,43082.0,41664.0,41925.0,1753.9186
2023-12-16 00:00:00+00:00,41926.0,42676.0,41639.0,42246.0,702.4773
2023-12-17 00:00:00+00:00,42228.0,42364.0,41266.0,41345.0,1244.1407
2023-12-18 00:00:00+00:00,41337.0,42732.0,40513.0,42650.0,2330.2659
2023-12-19 00:00:00+00:00,42664.0,43456.0,41794.0,42258.0,2275.973
2023-12-20 00:00:00+00:00,42257.0,44291.0,42207.0,43665.0,2554.2026
2023-12-21 00:00:00+00:00,43667.0,44240.0,43305.0,43873.0,1843.0022
2023-12-22 00:00:00+00:00,43871.0,44409.0,43430.0,44002.0,1262.6907
2023-12-23 00:00:00+00:00,44011.0,44027.0,43347.0,43733.0,762.80817
2023-12-24 00:00:00+00:00,43730.0,43954.0,42700.0,43033.0,934.47644
2023-12-25 00:00:00+00:00,43015.0,43807.0,42771.0,43591.0,808.8623
2023-12-26 00:00:00+00:00,43587.0,43605.0,41639.0,42510.0,2476.9116
2023-12-27 00:00:00+00:00,42511.0,43698.0,42121.0,43473.0,2029.3737
2023-12-28 00:00:00+00:00,43468.0,43812.0,42288.0,42583.0,1410.6018
2023-12-29 00:00:00+00:00,42587.0,43128.0,41306.0,42072.0,2740.0105
2023-12-30 00:00:00+00:00,42069.0,42599.0,41529.0,42148.0,931.2221
2023-12-31 00:00:00+00:00,42148.0,42867.0,41976.0,42258.0,1192.7262
2024-01-01 00:00:00+00:00,42258.0,44192.0,42188.0,44187.0,1633.4987
2024-01-02 00:00:00+00:00,44187.0,45922.0,44167.0,44970.0,3948.6592
2024-01-03 00:00:00+00:00,44972.0,45510.0,41454.0,42865.0,3980.8281
2024-01-04 00:00:00+00:00,42863.0,44795.0,42656.0,44186.0,2918.1194
2024-01-05 00:00:00+00:00,44195.0,44366.0,42500.0,44184.0,3155.4663
2024-01-06 00:00:00+00:00,44189.0,44253.0,43440.0,43999.0,980.539
2024-01-07 00:00:00+00:00,43988.0,44500.0,43636.0,43944.0,1747.4419
2024-01-08 00:00:00+00:00,43936.0,47281.0,43213.0,46995.0,3636.861
2024-01-09 00:00:00+00:00,47012.0,47897.0,44903.0,46124.0,4033.075
2024-01-10 00:00:00+00:00,46103.0,47751.0,44304.0,46681.0,4041.5525
2024-01-11 00:00:00+00:00,46678.0,49048.0,45600.0,46360.0,4473.0234
2024-01-12 00:00:00+00:00,46343.0,46516.0,41509.0,42778.0,5206.8906
2024-01-13 00:00:00+00:00,42772.0,43246.0,42440.0,42843.0,1045.1547
2024-01-14 00:00:00+00:00,42834.0,43060.0,41704.0,41715.0,1256.257
2024-01-15 00:00:00+00:00,41701.0,43324.0,41680.0,42493.0,1455.9852
2024-01-16 00:00:00+00:00,42483.0,43566.0,42056.0,43131.0,2368.7903
2024-01-17 00:00:00+00:00,43128.0,43187.0,42172.0,42738.0,1669.718
2024-01-18 00:00:00+00:00,42738.0,42871.0,40600.0,41283.0,2233.6252
2024-01-19 00:00:00+00:00,41250.0,42152.0,40258.0,41628.0,2637.8784
2024-01-20 00:00:00+00:00,41622.0,41854.0,41428.0,41673.0,751.4339
2024-01-21 00:00:00+00:00,41658.0,41849.0,41485.0,41560.0,466.94666
2024-01-22 00:00:00+00:00,41555.0,41649.0,39437.0,39528.0,3032.7822
2024-01-23 00:00:00+00:00,39515.0,40133.0,38505.0,39868.0,2741.4434
2024-01-24 00:00:00+00:00,39849.0,40515.0,39461.0,40074.0,2648.4614
2024-01-25 00:00:00+00:00,40074.0,40278.0,39531.0,39916.0,2295.832
2024-01-26 00:00:00+00:00,39929.0,42233.0,39808.0,41818.0,3525.6824
2024-01-27 00:00:00+00:00,41817.0,42187.0,41396.0,42124.0,788.19904
2024-01-28 00:00:00+00:00,42126.0,42824.0,41629.0,42026.0,1354.3146
2024-01-29 00:00:00+00:00,42027.0,43305.0,41804.0,43305.0,2305.1345
2024-01-30 00:00:00+00:00,43302.0,43853.0,42692.0,42946.0,2291.5671
2024-01-31 00:00:00+00:00,42945.0,43738.0,42264.0,42558.0,3286.4797
2024-02-01 00:00:00+00:00,42548.0,43263.0,41859.0,43071.0,1870.521
2024-02-02 00:00:00+00:00,43075.0,43451.0,42538.0,43183.0,1896.6752
2024-02-03 00:00:00+00:00,43183.0,43352.0,42876.0,42994.0,759.4623
2024-02-04 00:00:00+00:00,42991.0,43097.0,42243.0,42570.0,774.92255
2024-02-05 00:00:00+00:00,42568.0,43515.0,42244.0,42659.0,2029.0919
2024-02-06 00:00:00+00:00,42657.0,43366.0,42521.0,43092.0,1541.8523
2024-02-07 00:00:00+00:00,43093.0,44389.0,42764.0,44346.0,1666.7863
2024-02-08 00:00:00+00:00,44342.0,45587.0,44325.0,45300.0,3101.7656
2024-02-09 00:00:00+00:00,45299.0,48201.0,45252.0,47161.0,3267.793
2024-02-10 00:00:00+00:00,47156.0,48186.0,46894.0,47770.0,1059.7632
2024-02-11 00:00:00+00:00,47770.0,48601.0,47593.0,48313.0,950.7416
2024-02-12 00:00:00+00:00,48313.0,50333.0,47720.0,49937.0,2595.077
2024-02-13 00:00:00+00:00,49937.0,50385.0,48325.0,49720.0,2127.398
2024-02-14 00:00:00+00:00,49728.0,52093.0,49267.0,51844.0,2470.0623
2024-02-15 00:00:00+00:00,51841.0,52884.0,51364.0,51942.0,2580.5466
2024-02-16 00:00:00+00:00,51935.0,52600.0,51615.0,52161.0,1766.3694
2024-02-17 00:00:00+00:00,52163.0,52210.0,50647.0,51664.0,999.9671
2024-02-18 00:00:00+00:00,51661.0,52393.0,51196.0,52130.0,925.2114
2024-02-19 00:00:00+00:00,52155.0,52496.0,51694.0,51789.0,1123.4104
2024-02-20 00:00:00+00:00,51776.0,53015.0,50770.0,52275.0,2464.049
2024-02-21 00:00:00+00:00,52272.0,52397.0,50611.0,51843.0,2252.908
2024-02-22 00:00:00+00:00,51857.0,52049.0,50921.0,51253.0,2025.2457
2024-02-23 00:00:00+00:00,51252.0,51507.0,50519.0,50743.0,1923.6847
2024-02-24 00:00:00+00:00,50738.0,51683.0,50581.0,51562.0,508.41678
2024-02-25 00:00:00+00:00,51564.0,51958.0,51282.0,51722.0,587.08496
2024-02-26 00:00:00+00:00,51738.0,54969.0,50909.0,54524.0,2566.508
2024-02-27 00:00:00+00:00,54534.0,57615.0,54500.0,57068.0,4197.1704
2024-02-28 00:00:00+00:00,57065.0,64000.0,56724.0,62512.0,5991.01
2024-02-29 00:00:00+00:00,62512.0,63684.0,60365.0,61161.0,4398.2603
2024-03-01 00:00:00+00:00,61161.0,63265.0,60801.0,62444.0,2116.107
2024-03-02 00:00:00+00:00,62433.0,62488.0,61645.0,62042.0,856.2612
2024-03-03 00:00:00+00:00,62034.0,63249.0,61402.0,63142.0,1242.8927
2024-03-04 00:00:00+00:00,63140.0,68577.0,62376.0,68359.0,4423.236
2024-03-05 00:00:00+00:00,68359.0,69210.0,59313.0,63796.0,7391.454
2024-03-06 00:00:00+00:00,63815.0,67645.0,62843.0,66120.0,4235.328
2024-03-07 00:00:00+00:00,66124.0,68061.0,65623.0,66941.0,3354.9202
2024-03-08 00:00:00+00:00,66928.0,70184.0,66264.0,68285.0,4423.057
2024-03-09 00:00:00+00:00,68285.0,68685.0,68050.0,68463.0,856.1073
2024-03-10 00:00:00+00:00,68464.0,69999.0,68196.0,69026.0,1987.1095
2024-03-11 00:00:00+00:00,69013.0,72910.0,67120.0,72118.0,5028.35
2024-03-12 00:00:00+00:00,72105.0,73054.0,68636.0,71473.0,4051.7585
2024-03-13 00:00:00+00:00,71473.0,73679.0,71340.0,73121.0,3647.592
2024-03-14 00:00:00+00:00,73130.0,73794.0,68555.0,71371.0,4144.375
2024-03-15 00:00:00+00:00,71387.0,72415.0,65569.0,69516.0,4952.41
2024-03-16 00:00:00+00:00,69505.0,70069.0,64780.0,65248.0,2215.165
2024-03-17 00:00:00+00:00,65245.0,68867.0,64522.0,68352.0,2040.4103
2024-03-18 00:00:00+00:00,68344.0,68902.0,66585.0,67613.0,2891.6682
2024-03-19 00:00:00+00:00,67603.0,68123.0,61447.0,61897.0,5318.126
2024-03-20 00:00:00+00:00,61919.0,68168.0,60760.0,67872.0,4989.905
2024-03-21 00:00:00+00:00,67842.0,68249.0,64537.0,65485.0,2935.8044
2024-03-22 00:00:00+00:00,65477.0,66631.0,62332.0,63807.0,2420.5583
2024-03-23 00:00:00+00:00,63812.0,66027.0,63016.0,64001.0,1252.5135
2024-03-24 00:00:00+00:00,64007.0,67613.0,63807.0,67188.0,1391.935
2024-03-25 00:00:00+00:00,67208.0,71213.0,66407.0,69898.0,3049.1917
2024-03-26 00:00:00+00:00,69889.0,71572.0,69257.0,69997.0,2479.948
2024-03-27 00:00:00+00:00,69999.0,71754.0,68362.0,69421.0,2306.37
2024-03-28 00:00:00+00:00,69406.0,71587.0,68863.0,70803.0,2146.1494
2024-03-29 00:00:00+00:00,70769.0,70929.0,69073.0,69903.0,1131.1327
2024-03-30 00:00:00+00:00,69934.0,70344.0,69586.0,69613.0,589.84094
2024-03-31 00:00:00+00:00,69616.0,71391.0,69594.0,71285.0,857.9797
2024-04-01 00:00:00+00:00,71296.0,71296.0,68073.0,69699.0,2032.7655
2024-04-02 00:00:00+00:00,69694.0,69706.0,64545.0,65469.0,3531.6206
2024-04-03 00:00:00+00:00,65471.0,66942.0,64511.0,65988.0,1876.1227
2024-04-04 00:00:00+00:00,65984.0,69328.0,65100.0,68538.0,2332.3674
2024-04-05 00:00:00+00:00,68522.0,68767.0,65999.0,67857.0,2200.9944
2024-04-06 00:00:00+00:00,67851.0,69680.0,67476.0,68917.0,729.5629
2024-04-07 00:00:00+00:00,68907.0,70310.0,68858.0,69358.0,1123.9286
2024-04-08 00:00:00+00:00,69336.0,72756.0,69073.0,71613.0,2247.9758
2024-04-09 00:00:00+00:00,71623.0,71748.0,68217.0,69135.0,2320.072
2024-04-10 00:00:00+00:00,69100.0,71150.0,67482.0,70630.0,2494.3167
2024-04-11 00:00:00+00:00,70638.0,71287.0,69555.0,70015.0,1976.1342
2024-04-12 00:00:00+00:00,70019.0,71236.0,65230.0,67150.0,2855.33
2024-04-13 00:00:00+00:00,67146.0,67930.0,61308.0,64054.0,3638.5723
2024-04-14 00:00:00+00:00,64039.0,65859.0,62162.0,65749.0,2675.9512
2024-04-15 00:00:00+00:00,65748.0,66900.0,62340.0,63438.0,2619.5095
2024-04-16 00:00:00+00:00,63467.0,64376.0,61654.0,63830.0,2685.2732
2024-04-17 00:00:00+00:00,63821.0,64636.0,59672.0,61278.0,3227.1921
2024-04-18 00:00:00+00:00,61256.0,64182.0,60830.0,63515.0,2353.1523
2024-04-19 00:00:00+00:00,63512.0,65506.0,59629.0,63821.0,3756.3242
2024-04-20 00:00:00+00:00,63847.0,65450.0,63136.0,64990.0,1178.8619
2024-04-21 00:00:00+00:00,64978.0,65710.0,64294.0,64950.0,871.65106
2024-04-22 00:00:00+00:00,64951.0,67241.0,64545.0,66855.0,2019.5875
2024-04-23 00:00:00+00:00,66845.0,67201.0,65837.0,66421.0,1200.3462
2024-04-24 00:00:00+00:00,66413.0,67057.0,63554.0,64259.0,2072.2488
2024-04-25 00:00:00+00:00,64254.0,65286.0,62785.0,64493.0,1851.6941
2024-04-26 00:00:00+00:00,64488.0,64793.0,63306.0,63745.0,1213.8595
2024-04-27 00:00:00+00:00,63746.0,63903.0,62405.0,63429.0,833.1701
2024-04-28 00:00:00+00:00,63417.0,64310.0,62811.0,63098.0,807.237
2024-04-29 00:00:00+00:00,63106.0,64181.0,61764.0,63832.0,1496.5015
2024-04-30 00:00:00+00:00,63849.0,64714.0,59068.0,60632.0,2740.3477
2024-05-01 00:00:00+00:00,60611.0,60786.0,56500.0,58256.0,3523.301
2024-05-02 00:00:00+00:00,58272.0,59623.0,56932.0,59099.0,1700.0955
2024-05-03 00:00:00+00:00,59076.0,63340.0,58829.0,62915.0,2560.041
2024-05-04 00:00:00+00:00,62907.0,64522.0,62585.0,63899.0,1400.4794
2024-05-05 00:00:00+00:00,63901.0,64625.0,62947.0,64021.0,918.78326
2024-05-06 00:00:00+00:00,64024.0,65513.0,62720.0,63164.0,1643.1372
2024-05-07 00:00:00+00:00,63159.0,64389.0,62278.0,62320.0,1357.122
2024-05-08 00:00:00+00:00,62310.0,62996.0,60873.0,61181.0,1469.2021
2024-05-09 00:00:00+00:00,61143.0,63409.0,60634.0,63075.0,1386.1547
2024-05-10 00:00:00+00:00,63072.0,63876.0,60176.0,60793.0,2229.5608
2024-05-11 00:00:00+00:00,60799.0,61454.0,60474.0,60816.0,516.41895
2024-05-12 00:00:00+00:00,60813.0,61848.0,60600.0,61462.0,638.4473
2024-05-13 00:00:00+00:00,61446.0,63444.0,60758.0,62934.0,1831.889
2024-05-14 00:00:00+00:00,62917.0,63075.0,61108.0,61543.0,1560.7659
2024-05-15 00:00:00+00:00,61552.0,66471.0,61322.0,66242.0,3794.6125
2024-05-16 00:00:00+00:00,66234.0,66766.0,64598.0,65252.0,1760.0742
2024-05-17 00:00:00+00:00,65252.0,67482.0,65129.0,67053.0,1703.985
2024-05-18 00:00:00+00:00,67059.0,67391.0,66663.0,66930.0,526.31055
2024-05-19 00:00:00+00:00,66923.0,67654.0,65901.0,66275.0,535.7931
2024-05-20 00:00:00+00:00,66255.0,71500.0,66074.0,71401.0,2681.3174
2024-05-21 00:00:00+00:00,71435.0,71958.0,69156.0,70136.0,1968.8463
2024-05-22 00:00:00+00:00,70155.0,70649.0,68879.0,69118.0,1537.2507
2024-05-23 00:00:00+00:00,69151.0,70024.0,66343.0,67945.0,2160.783
2024-05-24 00:00:00+00:00,67915.0,69254.0,66623.0,68548.0,1132.9111
2024-05-25 00:00:00+00:00,68549.0,69580.0,68503.0,69275.0,499.49997
2024-05-26 00:00:00+00:00,69288.0,69500.0,68136.0,68489.0,610.50116
2024-05-27 00:00:00+00:00,68471.0,70601.0,68225.0,69392.0,1406.5106
2024-05-28 00:00:00+00:00,69363.0,69513.0,67193.0,68327.0,2285.1177
2024-05-29 00:00:00+00:00,68347.0,68852.0,67096.0,67564.0,1273.0858
2024-05-30 00:00:00+00:00,67566.0,69524.0,67105.0,68338.0,1757.5055
2024-05-31 00:00:00+00:00,68330.0,69010.0,66624.0,67477.0,1880.0591
2024-06-01 00:00:00+00:00,67477.0,67810.0,67387.0,67723.0,368.62402
2024-06-02 00:00:00+00:00,67722.0,68405.0,67281.0,67752.0,544.3606
2024-06-03 00:00:00+00:00,67744.0,70268.0,67590.0,68801.0,2391.376
2024-06-04 00:00:00+00:00,68798.0,71074.0,68553.0,70564.0,2051.6335
2024-06-05 00:00:00+00:00,70546.0,71759.0,69600.0,71119.0,2051.77
2024-06-06 00:00:00+00:00,71109.0,71629.0,70116.0,70775.0,1673.7609
2024-06-07 00:00:00+00:00,70771.0,71949.0,68450.0,69326.0,3140.9712
2024-06-08 00:00:00+00:00,69321.0,69538.0,69150.0,69306.0,428.0224
2024-06-09 00:00:00+00:00,69306.0,69840.0,69131.0,69640.0,464.35226
2024-06-10 00:00:00+00:00,69649.0,70167.0,69173.0,69501.0,830.15466
2024-06-11 00:00:00+00:00,69506.0,69548.0,66011.0,67306.0,2436.6821
2024-06-12 00:00:00+00:00,67306.0,70007.0,66911.0,68243.0,2448.0352
2024-06-13 00:00:00+00:00,68240.0,68433.0,66242.0,66733.0,1996.6515
2024-06-14 00:00:00+00:00,66765.0,67314.0,64936.0,65996.0,2391.471
2024-06-15 00:00:00+00:00,65995.0,66415.0,65828.0,66182.0,659.4047
2024-06-16 00:00:00+00:00,66181.0,66914.0,66010.0,66622.0,738.03467
2024-06-17 00:00:00+00:00,66622.0,67260.0,65066.0,66475.0,2463.1707
2024-06-18 00:00:00+00:00,66475.0,66559.0,64032.0,65145.0,2210.707
2024-06-19 00:00:00+00:00,65141.0,65702.0,64664.0,64946.0,927.5795
2024-06-20 00:00:00+00:00,64947.0,66455.0,64516.0,64845.0,2185.3237
2024-06-21 00:00:00+00:00,64841.0,65004.0,63356.0,64102.0,1656.4003
2024-06-22 00:00:00+00:00,64116.0,64491.0,63917.0,64233.0,277.84085
2024-06-23 00:00:00+00:00,64245.0,64490.0,63136.0,63154.0,633.14996
2024-06-24 00:00:00+00:00,63152.0,63302.0,58456.0,60252.0,3965.3472
2024-06-25 00:00:00+00:00,60250.0,62395.0,60223.0,61789.0,2662.5283
2024-06-26 00:00:00+00:00,61798.0,62458.0,60675.0,60807.0,1392.6947
2024-06-27 00:00:00+00:00,60820.0,62323.0,60561.0,61622.0,1601.1462
2024-06-28 00:00:00+00:00,61609.0,62151.0,59923.0,60315.0,1742.5048
2024-06-29 00:00:00+00:00,60312.0,61114.0,60296.0,60879.0,580.7935
2024-06-30 00:00:00+00:00,60882.0,62931.0,60620.0,62676.0,969.0889
2024-07-01 00:00:00+00:00,62676.0,63794.0,62465.0,62829.0,1936.6785
2024-07-02 00:00:00+00:00,62822.0,63211.0,61731.0,62033.0,1129.7394
2024-07-03 00:00:00+00:00,62046.0,62196.0,59334.0,60142.0,2033.0636
2024-07-04 00:00:00+00:00,60165.0,60430.0,56748.0,57045.0,2423.253
2024-07-05 00:00:00+00:00,57030.0,57500.0,53550.0,56632.0,3234.2285
2024-07-06 00:00:00+00:00,56632.0,58488.0,56044.0,58251.0,1203.3656
2024-07-07 00:00:00+00:00,58253.0,58441.0,55729.0,55829.0,1080.8887
2024-07-08 00:00:00+00:00,55852.0,58200.0,54296.0,56710.0,3198.8784
2024-07-09 00:00:00+00:00,56697.0,58278.0,56300.0,58033.0,2404.8955
2024-07-10 00:00:00+00:00,58028.0,59459.0,57152.0,57733.0,1861.6302
2024-07-11 00:00:00+00:00,57700.0,59516.0,57072.0,57348.0,2085.4392
2024-07-12 00:00:00+00:00,57345.0,58539.0,56551.0,57889.0,2139.0999
2024-07-13 00:00:00+00:00,57907.0,59853.0,57783.0,59226.0,1402.7701
2024-07-14 00:00:00+00:00,59257.0,61424.0,59257.0,60823.0,1472.2416
2024-07-15 00:00:00+00:00,60827.0,64926.0,60685.0,64769.0,3739.2195
2024-07-16 00:00:00+00:00,64759.0,65403.0,62446.0,65081.0,3199.099
2024-07-17 00:00:00+00:00,65081.0,66129.0,63890.0,64091.0,1880.4908
2024-07-18 00:00:00+00:00,64104.0,65108.0,63227.0,63964.0,1526.4075
2024-07-19 00:00:00+00:00,63977.0,67466.0,63303.0,66705.0,3112.2854
2024-07-20 00:00:00+00:00,66705.0,67617.0,66284.0,67155.0,1186.524
2024-07-21 00:00:00+00:00,67164.0,68364.0,65833.0,68158.0,1881.4623
2024-07-22 00:00:00+00:00,68170.0,68486.0,66583.0,67562.0,2375.2058
2024-07-23 00:00:00+00:00,67561.0,67776.0,65452.0,65944.0,2417.179
2024-07-24 00:00:00+00:00,65943.0,67112.0,65117.0,65376.0,1796.8153
2024-07-25 00:00:00+00:00,65363.0,66135.0,63424.0,65796.0,2022.6749
2024-07-26 00:00:00+00:00,65794.0,68214.0,65712.0,67921.0,1786.0339
2024-07-27 00:00:00+00:00,67952.0,69404.0,66637.0,67892.0,1875.1794
2024-07-28 00:00:00+00:00,67837.0,68298.0,67064.0,68264.0,861.958
2024-07-29 00:00:00+00:00,68240.0,70016.0,66445.0,66780.0,2363.6953
2024-07-30 00:00:00+00:00,66765.0,66983.0,65302.0,66171.0,1561.0859
2024-07-31 00:00:00+00:00,66170.0,66814.0,64507.0,64612.0,1629.2577
2024-08-01 00:00:00+00:00,64612.0,65568.0,62233.0,65293.0,2890.6072
2024-08-02 00:00:00+00:00,65293.0,65548.0,61169.0,61421.0,3479.0469
2024-08-03 00:00:00+00:00,61419.0,62151.0,59839.0,60672.0,1821.499
2024-08-04 00:00:00+00:00,60669.0,61073.0,57155.0,58142.0,2394.633
2024-08-05 00:00:00+00:00,58137.0,58280.0,49577.0,54014.0,8238.872
2024-08-06 00:00:00+00:00,54040.0,57058.0,53977.0,56053.0,3769.725
2024-08-07 00:00:00+00:00,56048.0,57737.0,54568.0,55136.0,3993.7666
2024-08-08 00:00:00+00:00,55132.0,62729.0,54748.0,61699.0,3876.672
2024-08-09 00:00:00+00:00,61733.0,61740.0,59571.0,60860.0,2241.3108
2024-08-10 00:00:00+00:00,60842.0,61476.0,60270.0,60952.0,1018.5175
2024-08-11 00:00:00+00:00,60940.0,61868.0,58315.0,58725.0,1496.9539
2024-08-12 00:00:00+00:00,58718.0,60700.0,57681.0,59362.0,3412.5608
2024-08-13 00:00:00+00:00,59361.0,61600.0,58455.0,60620.0,2874.9312
2024-08-14 00:00:00+00:00,60607.0,61809.0,58456.0,58697.0,3027.9897
2024-08-15 00:00:00+00:00,58694.0,59851.0,56138.0,57557.0,3240.3435
2024-08-16 00:00:00+00:00,57556.0,59841.0,57104.0,58883.0,2945.1733
2024-08-17 00:00:00+00:00,58883.0,59704.0,58828.0,59487.0,913.4196
2024-08-18 00:00:00+00:00,59487.0,60271.0,58414.0,58430.0,1375.0448
2024-08-19 00:00:00+00:00,58440.0,59631.0,57844.0,59497.0,2045.0979
2024-08-20 00:00:00+00:00,59462.0,61424.0,58553.0,59012.0,2569.3787
2024-08-21 00:00:00+00:00,59012.0,61838.0,58816.0,61159.0,2508.0146
2024-08-22 00:00:00+00:00,61169.0,61416.0,59774.0,60383.0,1929.3063
2024-08-23 00:00:00+00:00,60383.0,64988.0,60348.0,64085.0,3470.0713
2024-08-24 00:00:00+00:00,64095.0,64506.0,63594.0,64174.0,1163.8981
2024-08-25 00:00:00+00:00,64176.0,65103.0,63814.0,64262.0,918.6662
2024-08-26 00:00:00+00:00,64248.0,64502.0,62826.0,62852.0,1460.7349
2024-08-27 00:00:00+00:00,62822.0,63236.0,58090.0,59427.0,2540.6008
2024-08-28 00:00:00+00:00,59433.0,60212.0,57866.0,59033.0,2782.4768
2024-08-29 00:00:00+00:00,59033.0,61182.0,58701.0,59365.0,2511.2239
2024-08-30 00:00:00+00:00,59363.0,59905.0,57721.0,59113.0,2039.7482
2024-08-31 00:00:00+00:00,59113.0,59431.0,58750.0,58967.0,738.75415
2024-09-01 00:00:00+00:00,58967.0,59060.0,57205.0,57310.0,1650.432
2024-09-02 00:00:00+00:00,57278.0,59411.0,57131.0,59133.0,1642.9126
2024-09-03 00:00:00+00:00,59133.0,59803.0,57402.0,57493.0,1476.9343
2024-09-04 00:00:00+00:00,57506.0,58518.0,55602.0,57956.0,2077.7866
2024-09-05 00:00:00+00:00,57974.0,58315.0,55649.0,56158.0,1485.6925
2024-09-06 00:00:00+00:00,56179.0,56984.0,52546.0,53955.0,2938.3982
2024-09-07 00:00:00+00:00,53947.0,54839.0,53731.0,54147.0,1046.8639
2024-09-08 00:00:00+00:00,54150.0,55306.0,53636.0,54866.0,1237.7794
2024-09-09 00:00:00+00:00,54876.0,58070.0,54587.0,57059.0,2644.12
2024-09-10 00:00:00+00:00,57056.0,58042.0,56406.0,57659.0,1878.5615
2024-09-11 00:00:00+00:00,57646.0,58000.0,55554.0,57342.0,3024.3584
2024-09-12 00:00:00+00:00,57342.0,58560.0,57335.0,58139.0,2392.0188
2024-09-13 00:00:00+00:00,58139.0,60670.0,57640.0,60545.0,2622.2815
2024-09-14 00:00:00+00:00,60551.0,60655.0,59438.0,60012.0,744.81555
2024-09-15 00:00:00+00:00,60012.0,60388.0,58708.0,59130.0,1377.7421
2024-09-16 00:00:00+00:00,59121.0,59209.0,57488.0,58212.0,1692.1207
2024-09-17 00:00:00+00:00,58208.0,61331.0,57627.0,60316.0,2677.1987
2024-09-18 00:00:00+00:00,60318.0,61787.0,59189.0,61757.0,3237.8308
2024-09-19 00:00:00+00:00,61765.0,63882.0,61584.0,62940.0,3050.8162
2024-09-20 00:00:00+00:00,62950.0,64121.0,62353.0,63211.0,1646.7251
2024-09-21 00:00:00+00:00,63211.0,63574.0,62760.0,63364.0,578.82074
2024-09-22 00:00:00+00:00,63364.0,63990.0,62390.0,63563.0,932.5711
2024-09-23 00:00:00+00:00,63577.0,64730.0,62585.0,63325.0,1113.0785
2024-09-24 00:00:00+00:00,63325.0,64677.0,62720.0,64260.0,1621.5023
2024-09-25 00:00:00+00:00,64291.0,64795.0,62941.0,63147.0,1172.7643
2024-09-26 00:00:00+00:00,63121.0,65851.0,62675.0,65175.0,1758.7742
2024-09-27 00:00:00+00:00,65175.0,66508.0,64840.0,65781.0,1261.8154
2024-09-28 00:00:00+00:00,65781.0,66255.0,65442.0,65876.0,557.5037
2024-09-29 00:00:00+00:00,65875.0,66071.0,65450.0,65601.0,487.19186
2024-09-30 00:00:00+00:00,65605.0,65634.0,62859.0,63302.0,1759.7073
2024-10-01 00:00:00+00:00,63331.0,64122.0,60164.0,60807.0,2797.977
2024-10-02 00:00:00+00:00,60760.0,62350.0,59972.0,60634.0,2437.725
2024-10-03 00:00:00+00:00,60627.0,61461.0,59860.0,60745.0,1412.6036
2024-10-04 00:00:00+00:00,60747.0,62473.0,60474.0,62081.0,1394.478
2024-10-05 00:00:00+00:00,62080.0,62368.0,61699.0,62063.0,449.65424
2024-10-06 00:00:00+00:00,62057.0,62962.0,61816.0,62814.0,846.73206
2024-10-07 00:00:00+00:00,62831.0,64444.0,62130.0,62212.0,1815.2684
2024-10-08 00:00:00+00:00,62211.0,63172.0,61839.0,62133.0,1116.3027
2024-10-09 00:00:00+00:00,62114.0,62503.0,60268.0,60582.0,1354.9094
2024-10-10 00:00:00+00:00,60589.0,61246.0,58867.0,60278.0,1799.4873
2024-10-11 00:00:00+00:00,60278.0,63409.0,60041.0,62452.0,1582.7051
2024-10-12 00:00:00+00:00,62511.0,63455.0,62474.0,63194.0,685.6929
2024-10-13 00:00:00+00:00,63193.0,63271.0,62039.0,62849.0,653.16614
2024-10-14 00:00:00+00:00,62850.0,66479.0,62450.0,66070.0,2390.3894
2024-10-15 00:00:00+00:00,66070.0,67922.0,64802.0,67061.0,2488.9917
2024-10-16 00:00:00+00:00,67061.0,68388.0,66744.0,67622.0,1716.9597
2024-10-17 00:00:00+00:00,67608.0,67914.0,66631.0,67392.0,1298.2214
2024-10-18 00:00:00+00:00,67392.0,68998.0,67176.0,68420.0,1434.3313
2024-10-19 00:00:00+00:00,68420.0,68668.0,68020.0,68359.0,414.91156
2024-10-20 00:00:00+00:00,68367.0,69363.0,68102.0,69011.0,606.1031
2024-10-21 00:00:00+00:00,69011.0,69487.0,66815.0,67340.0,1752.7206
2024-10-22 00:00:00+00:00,67345.0,67784.0,66559.0,67382.0,1626.8596
2024-10-23 00:00:00+00:00,67382.0,67409.0,65000.0,66601.0,1927.8417
2024-10-24 00:00:00+00:00,66602.0,68800.0,66455.0,68155.0,2140.0881
2024-10-25 00:00:00+00:00,68155.0,68726.0,65521.0,66578.0,2730.8137
2024-10-26 00:00:00+00:00,66576.0,67352.0,66344.0,67003.0,489.32578
2024-10-27 00:00:00+00:00,67009.0,68232.0,66850.0,67938.0,739.97894
2024-10-28 00:00:00+00:00,67937.0,70218.0,67541.0,69918.0,2063.8633
2024-10-29 00:00:00+00:00,69918.0,73600.0,69716.0,72729.0,3975.6902
2024-10-30 00:00:00+00:00,72727.0,72928.0,71313.0,72331.0,2263.6836
2024-10-31 00:00:00+00:00,72330.0,72660.0,69591.0,70231.0,1776.4092
2024-11-01 00:00:00+00:00,70202.0,71596.0,68768.0,69490.0,2717.4717
2024-11-02 00:00:00+00:00,69468.0,69887.0,69015.0,69330.0,1047.1246
2024-11-03 00:00:00+00:00,69339.0,69354.0,67459.0,68738.0,1915.4716
2024-11-04 00:00:00+00:00,68738.0,69444.0,66798.0,67818.0,2538.3408
2024-11-05 00:00:00+00:00,67817.0,70538.0,67443.0,69386.0,2370.705
2024-11-06 00:00:00+00:00,69396.0,76481.0,69284.0,75637.0,7732.0015
2024-11-07 00:00:00+00:00,75638.0,76990.0,74479.0,75921.0,3265.4336
2024-11-08 00:00:00+00:00,75918.0,77270.0,75665.0,76561.0,2466.5256
2024-11-09 00:00:00+00:00,76560.0,76941.0,75648.0,76722.0,837.82745
2024-11-10 00:00:00+00:00,76707.0,81482.0,76554.0,80425.0,2739.7656
2024-11-11 00:00:00+00:00,80426.0,89643.0,80280.0,88770.0,6695.1567
2024-11-12 00:00:00+00:00,88771.0,90243.0,85121.0,88031.0,8037.5146
2024-11-13 00:00:00+00:00,88038.0,93483.0,86263.0,90521.0,7338.03
2024-11-14 00:00:00+00:00,90498.0,91804.0,86685.0,87333.0,3805.7617
2024-11-15 00:00:00+00:00,87298.0,91909.0,87119.0,91070.0,4491.151
2024-11-16 00:00:00+00:00,91069.0,91778.0,90100.0,90608.0,1538.8772
2024-11-17 00:00:00+00:00,90643.0,91429.0,88709.0,89861.0,2016.0977
2024-11-18 00:00:00+00:00,89865.0,92624.0,89392.0,90512.0,4276.1885
2024-11-19 00:00:00+00:00,90514.0,94057.0,90407.0,92424.0,3884.8826
2024-11-20 00:00:00+00:00,92434.0,94942.0,91407.0,94373.0,9293.971
2024-11-21 00:00:00+00:00,94374.0,99121.0,94106.0,98451.0,7280.7695
2024-11-22 00:00:00+00:00,98451.0,99800.0,97236.0,99013.0,4646.0947
2024-11-23 00:00:00+00:00,99010.0,99015.0,97226.0,97775.0,1719.1248
2024-11-24 00:00:00+00:00,97765.0,98660.0,95796.0,98007.0,1814.0076
2024-11-25 00:00:00+00:00,98021.0,98966.0,92584.0,93035.0,2969.5483
2024-11-26 00:00:00+00:00,93006.0,94999.0,90742.0,91928.0,3575.0974
2024-11-27 00:00:00+00:00,91929.0,97353.0,91760.0,95978.0,2999.1343
2024-11-28 00:00:00+00:00,95945.0,96658.0,94670.0,95661.0,2070.2708
2024-11-29 00:00:00+00:00,95670.0,98745.0,95410.0,97512.0,2410.842
2024-11-30 00:00:00+00:00,97510.0,97510.0,96112.0,96441.0,646.22076
2024-12-01 00:00:00+00:00,96471.0,97880.0,95758.0,97291.0,884.65564
2024-12-02 00:00:00+00:00,97260.0,98200.0,94403.0,95859.0,3225.021
2024-12-03 00:00:00+00:00,95858.0,96301.0,93590.0,95926.0,3484.9092
2024-12-04 00:00:00+00:00,95926.0,99250.0,94661.0,98773.0,4309.945
2024-12-05 00:00:00+00:00,98751.0,103647.0,92092.0,97057.0,7450.45
2024-12-06 00:00:00+00:00,96968.0,102098.0,96463.0,99898.0,2613.211
2024-12-07 00:00:00+00:00,99898.0,100575.0,99121.0,99929.0,587.8768
2024-12-08 00:00:00+00:00,99969.0,101407.0,98752.0,101204.0,1073.3276
2024-12-09 00:00:00+00:00,101188.0,101271.0,94249.0,97468.0,2468.793
2024-12-10 00:00:00+00:00,97318.0,98300.0,94306.0,96648.0,2092.4973
2024-12-11 00:00:00+00:00,96658.0,101961.0,95725.0,101201.0,2196.1814
2024-12-12 00:00:00+00:00,101238.0,102582.0,99309.0,100068.0,1393.1935
2024-12-13 00:00:00+00:00,99998.0,101918.0,99250.0,101435.0,1030.4943
2024-12-14 00:00:00+00:00,101433.0,102643.0,100643.0,101382.0,566.5366
2024-12-15 00:00:00+00:00,101408.0,105149.0,101243.0,104427.0,1369.988
2024-12-16 00:00:00+00:00,104476.0,107821.0,103322.0,106073.0,2171.7727
2024-12-17 00:00:00+00:00,106109.0,108364.0,105363.0,106187.0,1405.939
2024-12-18 00:00:00+00:00,106187.0,106523.0,99997.0,100153.0,2557.288
2024-12-19 00:00:00+00:00,100133.0,102747.0,95537.0,97375.0,3425.5015
2024-12-20 00:00:00+00:00,97416.0,98123.0,92118.0,97760.0,2706.2415
2024-12-21 00:00:00+00:00,97745.0,99514.0,96399.0,97211.0,1740.0432
2024-12-22 00:00:00+00:00,97245.0,97376.0,94200.0,95098.0,2075.5088
2024-12-23 00:00:00+00:00,95098.0,96420.0,92389.0,94750.0,2428.6042
2024-12-24 00:00:00+00:00,94750.0,99419.0,93461.0,98596.0,1444.5356
2024-12-25 00:00:00+00:00,98637.0,99478.0,97576.0,99374.0,849.51227
2024-12-26 00:00:00+00:00,99357.0,99881.0,95111.0,95687.0,1501.3678
2024-12-27 00:00:00+00:00,95666.0,97337.0,93282.0,94168.0,2416.2424
2024-12-28 00:00:00+00:00,94159.0,95529.0,94026.0,95139.0,839.5052
2024-12-29 00:00:00+00:00,95139.0,95139.0,92868.0,93557.0,851.80554
2024-12-30 00:00:00+00:00,93564.0,94891.0,91315.0,92628.0,1841.0431
2024-12-31 00:00:00+00:00,92637.0,96117.0,91900.0,93381.0,1128.8279
2025-01-01 00:00:00+00:00,93347.0,94951.0,92768.0,94388.0,777.1394
2025-01-02 00:00:00+00:00,94380.0,97745.0,94205.0,96907.0,1219.1937
2025-01-03 00:00:00+00:00,96895.0,98951.0,96042.0,98133.0,1159.4191
2025-01-04 00:00:00+00:00,98133.0,98753.0,97540.0,98209.0,445.4913
2025-01-05 00:00:00+00:00,98218.0,98799.0,97277.0,98327.0,454.72018
2025-01-06 00:00:00+00:00,98389.0,102514.0,97919.0,102280.0,1742.6129
2025-01-07 00:00:00+00:00,102278.0,102760.0,96130.0,96946.0,1490.6
2025-01-08 00:00:00+00:00,96922.0,97248.0,92502.0,95065.0,2081.0447
2025-01-09 00:00:00+00:00,95034.0,95333.0,91215.0,92542.0,1877.8005
2025-01-10 00:00:00+00:00,92545.0,95797.0,92227.0,94702.0,1798.97
2025-01-11 00:00:00+00:00,94702.0,94975.0,93843.0,94568.0,639.8774
2025-01-12 00:00:00+00:00,94573.0,95363.0,93685.0,94497.0,570.97876
2025-01-13 00:00:00+00:00,94498.0,95846.0,89164.0,94505.0,2125.8623
2025-01-14 00:00:00+00:00,94537.0,97339.0,94345.0,96523.0,1477.8094
2025-01-15 00:00:00+00:00,96560.0,100715.0,96474.0,100512.0,1811.817
2025-01-16 00:00:00+00:00,100512.0,100860.0,97319.0,99975.0,1817.7747
2025-01-17 00:00:00+00:00,99975.0,105932.0,99944.0,104119.0,3087.397
2025-01-18 00:00:00+00:00,104119.0,104909.0,102238.0,104436.0,1306.428
2025-01-19 00:00:00+00:00,104432.0,106294.0,99528.0,101237.0,2602.4424
2025-01-20 00:00:00+00:00,101191.0,109356.0,99462.0,102141.0,3921.8691
2025-01-21 00:00:00+00:00,102155.0,107265.0,100087.0,106149.0,3058.4104
2025-01-22 00:00:00+00:00,106149.0,106370.0,103322.0,103632.0,1713.5537
2025-01-23 00:00:00+00:00,103659.0,106848.0,101233.0,103933.0,3790.173
2025-01-24 00:00:00+00:00,103922.0,107149.0,102754.0,104855.0,1725.2336
2025-01-25 00:00:00+00:00,104855.0,105237.0,104126.0,104738.0,735.89056
2025-01-26 00:00:00+00:00,104741.0,105424.0,102450.0,102573.0,798.3413
2025-01-27 00:00:00+00:00,102573.0,103186.0,97750.0,102090.0,3210.1262
2025-01-28 00:00:00+00:00,102065.0,103745.0,100225.0,101292.0,1721.6732
2025-01-29 00:00:00+00:00,101291.0,104769.0,101288.0,103747.0,1535.9316
2025-01-30 00:00:00+00:00,103768.0,106447.0,103313.0,104738.0,1543.1393
2025-01-31 00:00:00+00:00,104737.0,106046.0,101303.0,102412.0,2016.5123
2025-02-01 00:00:00+00:00,102408.0,102754.0,100270.0,100638.0,785.48914
2025-02-02 00:00:00+00:00,100638.0,101430.0,96168.0,97675.0,1747.9781
2025-02-03 00:00:00+00:00,97670.0,102569.0,91530.0,101457.0,4081.884
2025-02-04 00:00:00+00:00,101456.0,101785.0,96147.0,97786.0,2068.1675
2025-02-05 00:00:00+00:00,97809.0,99168.0,96181.0,96614.0,1576.9222
2025-02-06 00:00:00+00:00,96614.0,99174.0,95678.0,96573.0,1723.9252
2025-02-07 00:00:00+00:00,96566.0,100185.0,95662.0,96535.0,1936.9316
2025-02-08 00:00:00+00:00,96534.0,96896.0,95700.0,96472.0,615.7124
2025-02-09 00:00:00+00:00,96472.0,97337.0,94726.0,96477.0,1008.6687
2025-02-10 00:00:00+00:00,96533.0,98349.0,95307.0,97469.0,994.1089
2025-02-11 00:00:00+00:00,97465.0,98490.0,94853.0,95754.0,1284.4714
2025-02-12 00:00:00+00:00,95756.0,98144.0,94091.0,97882.0,1476.4705
2025-02-13 00:00:00+00:00,97882.0,98091.0,95249.0,96627.0,857.7589
2025-02-14 00:00:00+00:00,96631.0,98871.0,96300.0,97520.0,1251.2727
2025-02-15 00:00:00+00:00,97515.0,97974.0,97237.0,97591.0,335.7448
2025-02-16 00:00:00+00:00,97591.0,97727.0,96066.0,96132.0,445.57382
2025-02-17 00:00:00+00:00,96066.0,97014.0,95227.0,95772.0,800.63806
2025-02-18 00:00:00+00:00,95779.0,96714.0,93340.0,95612.0,1415.529
2025-02-19 00:00:00+00:00,95612.0,96866.0,95011.0,96642.0,1420.1047
2025-02-20 00:00:00+00:00,96639.0,98758.0,96439.0,98337.0,1681.5765
2025-02-21 00:00:00+00:00,98335.0,99508.0,94805.0,96131.0,2838.7756
2025-02-22 00:00:00+00:00,96137.0,96967.0,95750.0,96572.0,795.7226
2025-02-23 00:00:00+00:00,96571.0,96666.0,95260.0,96262.0,539.9145
2025-02-24 00:00:00+00:00,96264.0,96492.0,91330.0,91554.0,1692.1475
2025-02-25 00:00:00+00:00,91516.0,92512.0,85953.0,88576.0,4284.6255
2025-02-26 00:00:00+00:00,88573.0,89279.0,82133.0,84071.0,3118.755
2025-02-27 00:00:00+00:00,84150.0,86988.0,82615.0,84639.0,2559.949
2025-02-28 00:00:00+00:00,84621.0,85082.0,78197.0,84321.0,3567.368
2025-03-01 00:00:00+00:00,84316.0,86517.0,83803.0,86033.0,1461.9661
2025-03-02 00:00:00+00:00,86031.0,95152.0,85029.0,94273.0,3153.0295
2025-03-03 00:00:00+00:00,94272.0,94422.0,85069.0,86160.0,2856.7043
2025-03-04 00:00:00+00:00,86161.0,88922.0,81463.0,87240.0,3206.2058
2025-03-05 00:00:00+00:00,87262.0,90993.0,86397.0,90611.0,1832.6654
2025-03-06 00:00:00+00:00,90590.0,92790.0,87835.0,89918.0,2169.6897
2025-03-07 00:00:00+00:00,89922.0,91277.0,84713.0,86759.0,3286.7803
2025-03-08 00:00:00+00:00,86754.0,86861.0,85190.0,86192.0,579.7491
2025-03-09 00:00:00+00:00,86204.0,86469.0,80000.0,80708.0,1710.1794
2025-03-10 00:00:00+00:00,80728.0,84007.0,77393.0,78561.0,2977.7927
2025-03-11 00:00:00+00:00,78599.0,83568.0,76600.0,82869.0,2656.5637
2025-03-12 00:00:00+00:00,82941.0,84437.0,80607.0,83620.0,2469.2185
2025-03-13 00:00:00+00:00,83677.0,84287.0,79910.0,81079.0,1830.0009
2025-03-14 00:00:00+00:00,81084.0,85294.0,80801.0,83975.0,1986.9951
2025-03-15 00:00:00+00:00,83984.0,84672.0,83633.0,84347.0,486.1901
2025-03-16 00:00:00+00:00,84362.0,85059.0,81983.0,82555.0,1178.2024
2025-03-17 00:00:00+00:00,82569.0,84741.0,82466.0,84058.0,1198.8964
2025-03-18 00:00:00+00:00,84058.0,84058.0,81138.0,82715.0,1290.2151
2025-03-19 00:00:00+00:00,82694.0,87010.0,82567.0,86868.0,1926.6095
2025-03-20 00:00:00+00:00,86870.0,87470.0,83631.0,84158.0,1877.1323
2025-03-21 00:00:00+00:00,84179.0,84801.0,83142.0,84061.0,1146.5078
2025-03-22 00:00:00+00:00,84061.0,84490.0,83682.0,83823.0,316.86484
2025-03-23 00:00:00+00:00,83823.0,86116.0,83806.0,86084.0,649.914
2025-03-24 00:00:00+00:00,86084.0,88772.0,85541.0,87512.0,1888.3341
2025-03-25 00:00:00+00:00,87488.0,88539.0,86321.0,87436.0,2134.7722
2025-03-26 00:00:00+00:00,87448.0,88296.0,85869.0,86913.0,1552.9597
2025-03-27 00:00:00+00:00,86966.0,87755.0,85828.0,87219.0,1289.3729
2025-03-28 00:00:00+00:00,87224.0,87481.0,83544.0,84379.0,1392.3363
2025-03-29 00:00:00+00:00,84384.0,84561.0,81629.0,82608.0,745.39343
2025-03-30 00:00:00+00:00,82608.0,83500.0,81551.0,82359.0,840.3826
2025-03-31 00:00:00+00:00,82367.0,83914.0,81287.0,82538.0,1937.3373
2025-04-01 00:00:00+00:00,82537.0,85530.0,82417.0,85170.0,1504.0024
2025-04-02 00:00:00+00:00,85171.0,88563.0,81188.0,82502.0,2861.6467
2025-04-03 00:00:00+00:00,82477.0,83896.0,81200.0,83132.0,1777.4524
2025-04-04 00:00:00+00:00,83182.0,84708.0,81659.0,83851.0,2005.8828
2025-04-05 00:00:00+00:00,83852.0,84226.0,82358.0,83507.0,518.1818
2025-04-06 00:00:00+00:00,83514.0,83741.0,77098.0,78342.0,2165.4812
2025-04-07 00:00:00+00:00,78381.0,81180.0,74434.0,79127.0,4083.997
2025-04-08 00:00:00+00:00,79134.0,80836.0,76159.0,76244.0,2245.509
2025-04-09 00:00:00+00:00,76252.0,83565.0,74588.0,82595.0,4038.2761
2025-04-10 00:00:00+00:00,82594.0,82722.0,78424.0,79543.0,1564.0774
2025-04-11 00:00:00+00:00,79558.0,84257.0,78942.0,83384.0,1728.841
2025-04-12 00:00:00+00:00,83384.0,85892.0,82784.0,85274.0,847.6376
2025-04-13 00:00:00+00:00,85277.0,86084.0,83031.0,83712.0,1210.9222
2025-04-14 00:00:00+00:00,83774.0,85787.0,83680.0,84583.0,1425.8817
2025-04-15 00:00:00+00:00,84583.0,86450.0,83612.0,83686.0,1162.9117
2025-04-16 00:00:00+00:00,83632.0,85528.0,83102.0,84046.0,1593.4484
2025-04-17 00:00:00+00:00,84045.0,85478.0,83751.0,84954.0,1119.5878
2025-04-18 00:00:00+00:00,84954.0,85121.0,84310.0,84468.0,323.24097
2025-04-19 00:00:00+00:00,84466.0,85611.0,84367.0,85069.0,631.49084
2025-04-20 00:00:00+00:00,85074.0,85305.0,83974.0,85198.0,462.80975
2025-04-21 00:00:00+00:00,85197.0,88527.0,85134.0,87505.0,2179.816
2025-04-22 00:00:00+00:00,87505.0,93928.0,87094.0,93481.0,2859.4692
2025-04-23 00:00:00+00:00,93482.0,94700.0,91970.0,93730.0,2423.427
2025-04-24 00:00:00+00:00,93730.0,94035.0,91700.0,94010.0,1192.7081
2025-04-25 00:00:00+00:00,94010.0,95857.0,92891.0,94726.0,2287.6875
2025-04-26 00:00:00+00:00,94720.0,95249.0,93934.0,94662.0,518.6807
2025-04-27 00:00:00+00:00,94662.0,95353.0,93685.0,93769.0,582.20526
2025-04-28 00:00:00+00:00,93780.0,95633.0,92846.0,95041.0,1571.4387
2025-04-29 00:00:00+00:00,95040.0,95479.0,93775.0,94285.0,877.67377
2025-04-30 00:00:00+00:00,94284.0,95269.0,92946.0,94181.0,1384.2437
2025-05-01 00:00:00+00:00,94181.0,97470.0,94141.0,96535.0,1742.1866
2025-05-02 00:00:00+00:00,96557.0,97938.0,96399.0,96925.0,919.2077
2025-05-03 00:00:00+00:00,96926.0,96956.0,95800.0,95916.0,696.3742
2025-05-04 00:00:00+00:00,95850.0,96295.0,94162.0,94316.0,562.7732
2025-05-05 00:00:00+00:00,94301.0,95198.0,93550.0,94725.0,936.9337
2025-05-06 00:00:00+00:00,94725.0,96895.0,93376.0,96814.0,1074.635
2025-05-07 00:00:00+00:00,96815.0,97717.0,95823.0,97054.0,1333.2723
2025-05-08 00:00:00+00:00,97059.0,104159.0,96907.0,103261.0,2303.4631
2025-05-09 00:00:00+00:00,103234.0,104332.0,102350.0,102991.0,1336.0859
2025-05-10 00:00:00+00:00,102992.0,104985.0,102845.0,104809.0,624.2651
2025-05-11 00:00:00+00:00,104809.0,104958.0,103369.0,104129.0,718.36835
2025-05-12 00:00:00+00:00,104138.0,105706.0,100764.0,102796.0,1914.472
2025-05-13 00:00:00+00:00,102796.0,104997.0,101471.0,104135.0,1432.504
2025-05-14 00:00:00+00:00,104126.0,104357.0,102622.0,103531.0,1171.4938
2025-05-15 00:00:00+00:00,103514.0,104184.0,101442.0,103793.0,1339.0933
2025-05-16 00:00:00+00:00,103800.0,104570.0,103137.0,103506.0,994.7604
2025-05-17 00:00:00+00:00,103503.0,103720.0,102668.0,103153.0,459.80988
2025-05-18 00:00:00+00:00,103172.0,106635.0,103149.0,106520.0,905.1794
2025-05-19 00:00:00+00:00,106520.0,107115.0,102126.0,105622.0,1677.9321
2025-05-20 00:00:00+00:00,105630.0,107340.0,104232.0,106855.0,1462.4248
2025-05-21 00:00:00+00:00,106891.0,110730.0,106141.0,109682.0,2430.7942
2025-05-22 00:00:00+00:00,109696.0,112000.0,109252.0,111743.0,1375.7402
2025-05-23 00:00:00+00:00,111742.0,111816.0,106827.0,107329.0,1588.2286
2025-05-24 00:00:00+00:00,107319.0,109501.0,106908.0,107799.0,577.0668
2025-05-25 00:00:00+00:00,107798.0,109383.0,106666.0,109068.0,908.97626
2025-05-26 00:00:00+00:00,109114.0,110461.0,108759.0,109468.0,736.73663
2025-05-27 00:00:00+00:00,109474.0,110789.0,107562.0,108980.0,1296.6125
2025-05-28 00:00:00+00:00,108980.0,109307.0,106804.0,107811.0,1079.8274
2025-05-29 00:00:00+00:00,107821.0,108924.0,105374.0,105578.0,1431.7789
2025-05-30 00:00:00+00:00,105577.0,106329.0,103675.0,104034.0,1224.1102
2025-05-31 00:00:00+00:00,103988.0,104947.0,103127.0,104646.0,483.3114
2025-06-01 00:00:00+00:00,104646.0,105908.0,103832.0,105705.0,648.0675
2025-06-02 00:00:00+00:00,105677.0,106001.0,103708.0,105905.0,941.7314
2025-06-03 00:00:00+00:00,105890.0,106854.0,104947.0,105454.0,924.4239
2025-06-04 00:00:00+00:00,105426.0,106036.0,104219.0,104745.0,791.9485
2025-06-05 00:00:00+00:00,104734.0,105959.0,100426.0,101559.0,1374.3295
2025-06-06 00:00:00+00:00,101558.0,105416.0,101159.0,104393.0,1474.9415
2025-06-07 00:00:00+00:00,104416.0,105959.0,103992.0,105619.0,613.87146
2025-06-08 00:00:00+00:00,105619.0,106507.0,105060.0,105792.0,353.13074
2025-06-09 00:00:00+00:00,105791.0,110587.0,105389.0,110307.0,1163.2788
2025-06-10 00:00:00+00:00,110311.0,110400.0,108403.0,110292.0,920.6528
2025-06-11 00:00:00+00:00,110292.0,110398.0,108113.0,108678.0,717.48834
2025-06-12 00:00:00+00:00,108670.0,108833.0,105731.0,105731.0,855.7651
2025-06-13 00:00:00+00:00,105725.0,106209.0,102816.0,106118.0,1268.1649
2025-06-14 00:00:00+00:00,106117.0,106250.0,104376.0,105464.0,516.9
2025-06-15 00:00:00+00:00,105475.0,106163.0,104532.0,105617.0,487.5897
2025-06-16 00:00:00+00:00,105612.0,108990.0,105023.0,106829.0,932.05597
2025-06-17 00:00:00+00:00,106853.0,107773.0,103388.0,104584.0,1157.6526
2025-06-18 00:00:00+00:00,104617.0,105566.0,103521.0,104922.0,971.0503
2025-06-19 00:00:00+00:00,104922.0,105254.0,103957.0,104688.0,464.84583
2025-06-20 00:00:00+00:00,104682.0,106521.0,102309.0,103316.0,971.5162
2025-06-21 00:00:00+00:00,103329.0,104013.0,100945.0,102139.0,817.52136
2025-06-22 00:00:00+00:00,102198.0,103387.0,98240.0,101015.0,1366.0529
2025-06-23 00:00:00+00:00,100990.0,106125.0,99705.0,105464.0,1771.4781
2025-06-24 00:00:00+00:00,105418.0,106344.0,104695.0,106131.0,1158.1754
2025-06-25 00:00:00+00:00,106132.0,108182.0,105872.0,107418.0,1202.1307
2025-06-26 00:00:00+00:00,107417.0,108358.0,106640.0,107004.0,791.37976
2025-06-27 00:00:00+00:00,107005.0,107794.0,106351.0,107100.0,1286.607
2025-06-28 00:00:00+00:00,107100.0,107584.0,106880.0,107348.0,204.99977
2025-06-29 00:00:00+00:00,107353.0,108546.0,107239.0,108384.0,526.4291
2025-06-30 00:00:00+00:00,108389.0,108800.0,106751.0,107179.0,809.67114
2025-07-01 00:00:00+00:00,107164.0,107560.0,105280.0,105709.0,918.5918
2025-07-02 00:00:00+00:00,105698.0,109802.0,105130.0,108885.0,910.95166
2025-07-03 00:00:00+00:00,108885.0,110557.0,108586.0,109648.0,902.39484
2025-07-04 00:00:00+00:00,109647.0,109799.0,107303.0,108033.0,607.88226
2025-07-05 00:00:00+00:00,108033.0,108416.0,107811.0,108240.0,219.2169
2025-07-06 00:00:00+00:00,108240.0,109717.0,107858.0,109233.0,420.08246
2025-07-07 00:00:00+00:00,109231.0,109711.0,107520.0,108287.0,708.78253
2025-07-08 00:00:00+00:00,108286.0,109225.0,107471.0,108947.0,676.89667
2025-07-09 00:00:00+00:00,108947.0,112040.0,108352.0,111287.0,1206.4948
2025-07-10 00:00:00+00:00,111318.0,117000.0,110610.0,116031.0,1983.5215
2025-07-11 00:00:00+00:00,116038.0,118839.0,115226.0,117579.0,1872.27
2025-07-12 00:00:00+00:00,117579.0,118227.0,116971.0,117464.0,657.6112
2025-07-13 00:00:00+00:00,117464.0,119482.0,117256.0,119135.0,699.602
2025-07-14 00:00:00+00:00,119140.0,123236.0,118972.0,119879.0,2008.6799
2025-07-15 00:00:00+00:00,119862.0,119945.0,115729.0,117769.0,5844.5566
2025-07-16 00:00:00+00:00,117770.0,120086.0,117047.0,118718.0,1446.658
2025-07-17 00:00:00+00:00,118692.0,121000.0,117506.0,119275.0,1630.8239
2025-07-18 00:00:00+00:00,119275.0,120900.0,116915.0,118022.0,1825.064
2025-07-19 00:00:00+00:00,118023.0,118553.0,117352.0,117916.0,499.2517
2025-07-20 00:00:00+00:00,117917.0,118896.0,116551.0,117339.0,615.1985
2025-07-21 00:00:00+00:00,117220.0,119682.0,116594.0,117437.0,1334.5016
2025-07-22 00:00:00+00:00,117437.0,120297.0,116186.0,120011.0,1298.0898
2025-07-23 00:00:00+00:00,120011.0,120165.0,117376.0,118813.0,980.2317
2025-07-24 00:00:00+00:00,118795.0,119525.0,117201.0,118347.0,1079.4213
2025-07-25 00:00:00+00:00,118400.0,118509.0,114518.0,117653.0,5661.939
2025-07-26 00:00:00+00:00,117652.0,118340.0,117196.0,117962.0,618.4332
2025-07-27 00:00:00+00:00,117983.0,119798.0,117888.0,119469.0,579.57477
2025-07-28 00:00:00+00:00,119514.0,119826.0,117400.0,118051.0,1062.3542
2025-07-29 00:00:00+00:00,118068.0,119267.0,116928.0,117926.0,1161.3234
2025-07-30 00:00:00+00:00,117926.0,118775.0,115784.0,117834.0,1043.6356
2025-07-31 00:00:00+00:00,117833.0,118904.0,115512.0,115750.0,1022.7122
2025-08-01 00:00:00+00:00,115749.0,116054.0,112680.0,113243.0,2329.7874
2025-08-02 00:00:00+00:00,113243.0,114008.0,111987.0,112522.0,1093.6709
2025-08-03 00:00:00+00:00,112522.0,114774.0,111919.0,114226.0,757.7082
2025-08-04 00:00:00+00:00,114245.0,115732.0,114129.0,115051.0,933.2765
2025-08-05 00:00:00+00:00,115051.0,115106.0,112660.0,114133.0,941.8064
2025-08-06 00:00:00+00:00,114129.0,115729.0,113365.0,115030.0,1202.6371
2025-08-07 00:00:00+00:00,115030.0,117675.0,114280.0,117515.0,1447.583
2025-08-08 00:00:00+00:00,117515.0,117661.0,115896.0,116675.0,1599.1354
2025-08-09 00:00:00+00:00,116675.0,117929.0,116350.0,116495.0,985.9908
2025-08-10 00:00:00+00:00,116490.0,119310.0,116490.0,119310.0,1018.226
2025-08-11 00:00:00+00:00,119312.0,122312.0,118043.0,118712.0,2061.1062
2025-08-12 00:00:00+00:00,118711.0,120304.0,118214.0,120107.0,1834.3326
2025-08-13 00:00:00+00:00,120113.0,123715.0,118940.0,123360.0,2624.511
2025-08-14 00:00:00+00:00,123360.0,124517.0,117201.0,118394.0,2568.1433
2025-08-15 00:00:00+00:00,118393.0,119336.0,116856.0,117446.0,1480.945
2025-08-16 00:00:00+00:00,117445.0,118057.0,117252.0,117460.0,818.5578
2025-08-17 00:00:00+00:00,117451.0,118626.0,117266.0,117490.0,822.5024
2025-08-18 00:00:00+00:00,117465.0,117622.0,114706.0,116265.0,1938.4365
2025-08-19 00:00:00+00:00,116295.0,116765.0,112702.0,112870.0,1676.7482
2025-08-20 00:00:00+00:00,112870.0,114618.0,112353.0,114263.0,2261.156
2025-08-21 00:00:00+00:00,114263.0,114801.0,111972.0,112472.0,1865.841
2025-08-22 00:00:00+00:00,112471.0,117421.0,111658.0,116891.0,2747.0237
2025-08-23 00:00:00+00:00,116908.0,116985.0,114536.0,115392.0,1011.7641
2025-08-24 00:00:00+00:00,115391.0,115626.0,110671.0,113478.0,1706.8593
2025-08-25 00:00:00+00:00,113491.0,113645.0,109283.0,110136.0,2458.0588
2025-08-26 00:00:00+00:00,110128.0,112400.0,108717.0,111788.0,1921.0684
2025-08-27 00:00:00+00:00,111789.0,112646.0,110381.0,111273.0,1115.6923
2025-08-28 00:00:00+00:00,111272.0,113473.0,110876.0,112581.0,1313.3632
2025-08-29 00:00:00+00:00,112581.0,112654.0,107488.0,108362.0,1977.3241
2025-08-30 00:00:00+00:00,108376.0,108924.0,107389.0,108827.0,790.83014
2025-08-31 00:00:00+00:00,108827.0,109503.0,108092.0,108269.0,747.3678
2025-09-01 00:00:00+00:00,108268.0,109907.0,107270.0,109244.0,1584.0618
2025-09-02 00:00:00+00:00,109255.0,111775.0,108426.0,111238.0,2118.5984
2025-09-03 00:00:00+00:00,111238.0,112615.0,110550.0,111759.0,2089.1792
2025-09-04 00:00:00+00:00,111758.0,112223.0,109343.0,110747.0,1931.5586
2025-09-05 00:00:00+00:00,110738.0,113402.0,110226.0,110669.0,2214.242
2025-09-06 00:00:00+00:00,110668.0,111314.0,110021.0,110223.0,753.36084
2025-09-07 00:00:00+00:00,110223.0,111597.0,110212.0,111144.0,1147.7582
2025-09-08 00:00:00+00:00,111144.0,112935.0,110624.0,112098.0,1382.3251
2025-09-09 00:00:00+00:00,112097.0,113279.0,110768.0,111531.0,1444.0804
2025-09-10 00:00:00+00:00,111551.0,114348.0,110932.0,113988.0,1623.8865
2025-09-11 00:00:00+00:00,113987.0,115533.0,113460.0,115533.0,1488.744
2025-09-12 00:00:00+00:00,115533.0,116805.0,114770.0,116108.0,2158.4204
2025-09-13 00:00:00+00:00,116108.0,116364.0,115177.0,115981.0,637.92
2025-09-14 00:00:00+00:00,115980.0,116216.0,115190.0,115342.0,709.0525
2025-09-15 00:00:00+00:00,115316.0,116786.0,114421.0,115387.0,1496.618
2025-09-16 00:00:00+00:00,115389.0,117006.0,114776.0,116837.0,1255.4343
2025-09-17 00:00:00+00:00,116836.0,117323.0,114747.0,116477.0,2153.8481
2025-09-18 00:00:00+00:00,116482.0,117968.0,116144.0,117125.0,2093.1982
2025-09-19 00:00:00+00:00,117124.0,117506.0,115144.0,115702.0,1802.71
2025-09-20 00:00:00+00:00,115703.0,116197.0,115479.0,115759.0,1111.9889
2025-09-21 00:00:00+00:00,115758.0,115901.0,115258.0,115292.0,789.19775
2025-09-22 00:00:00+00:00,115275.0,115435.0,111986.0,112741.0,1951.7622
2025-09-23 00:00:00+00:00,112741.0,113344.0,111463.0,112025.0,1468.0388
2025-09-24 00:00:00+00:00,112025.0,114005.0,111115.0,113339.0,1320.9066
2025-09-25 00:00:00+00:00,113351.0,113542.0,108652.0,109021.0,2615.572
2025-09-26 00:00:00+00:00,109021.0,110372.0,108676.0,109696.0,1849.1099
2025-09-27 00:00:00+00:00,109694.0,109789.0,109130.0,109679.0,475.3972
2025-09-28 00:00:00+00:00,109679.0,112375.0,109239.0,112203.0,789.1448
2025-09-29 00:00:00+00:00,112203.0,114486.0,111597.0,114379.0,1866.1399
2025-09-30 00:00:00+00:00,114359.0,114842.0,112714.0,114065.0,1873.8035
2025-10-01 00:00:00+00:00,114079.0,118708.0,113982.0,118668.0,2297.0327
2025-10-02 00:00:00+00:00,118674.0,121106.0,118355.0,120612.0,2079.677
2025-10-03 00:00:00+00:00,120645.0,123966.0,119353.0,122308.0,3097.0723
2025-10-04 00:00:00+00:00,122329.0,122885.0,121575.0,122441.0,628.47217
2025-10-05 00:00:00+00:00,122458.0,125725.0,122209.0,123519.0,1675.3176
2025-10-06 00:00:00+00:00,123519.0,126272.0,123148.0,124728.0,2416.902
2025-10-07 00:00:00+00:00,124728.0,125235.0,120648.0,121395.0,2470.105
2025-10-08 00:00:00+00:00,121407.0,124220.0,121113.0,123345.0,2511.1316
2025-10-09 00:00:00+00:00,123349.0,123819.0,119736.0,121695.0,2339.509
2025-10-10 00:00:00+00:00,121695.0,122582.0,109683.0,112996.0,4713.819
2025-10-11 00:00:00+00:00,112989.0,113444.0,109711.0,110764.0,2954.9138
2025-10-12 00:00:00+00:00,110769.0,115854.0,109711.0,115090.0,2969.3438
2025-10-13 00:00:00+00:00,115089.0,116035.0,113751.0,115265.0,1947.5807
2025-10-14 00:00:00+00:00,115275.0,115508.0,109971.0,113078.0,2253.6672
2025-10-15 00:00:00+00:00,113077.0,113655.0,110217.0,110804.0,2023.0137
2025-10-16 00:00:00+00:00,110804.0,112012.0,107450.0,108206.0,3004.3684
2025-10-17 00:00:00+00:00,108206.0,109261.0,103530.0,106476.0,4616.539
2025-10-18 00:00:00+00:00,106470.0,107534.0,106368.0,107220.0,852.5421
2025-10-19 00:00:00+00:00,107214.0,109488.0,106137.0,108684.0,2023.0922
2025-10-20 00:00:00+00:00,108683.0,111717.0,107452.0,110580.0,2416.6597
2025-10-21 00:00:00+00:00,110580.0,114088.0,107460.0,108372.0,4329.3447
2025-10-22 00:00:00+00:00,108324.0,109160.0,106101.0,107595.0,2975.121
2025-10-23 00:00:00+00:00,107572.0,111336.0,107510.0,110111.0,1735.2502
2025-10-24 00:00:00+00:00,110110.0,112066.0,109731.0,111039.0,1412.665
2025-10-25 00:00:00+00:00,111038.0,111945.0,110704.0,111668.0,461.8228
2025-10-26 00:00:00+00:00,111658.0,115447.0,111281.0,114551.0,953.3163
2025-10-27 00:00:00+00:00,114551.0,116381.0,113856.0,114101.0,1510.7825
2025-10-28 00:00:00+00:00,114101.0,116077.0,112218.0,112925.0,1398.6107
2025-10-29 00:00:00+00:00,112920.0,113654.0,109265.0,110038.0,1666.5564
2025-10-30 00:00:00+00:00,110037.0,111603.0,106303.0,108306.0,2489.0356
2025-10-31 00:00:00+00:00,108307.0,111049.0,108272.0,109554.0,1789.047
2025-11-01 00:00:00+00:00,109554.0,110478.0,109370.0,110047.0,566.13806
2025-11-02 00:00:00+00:00,110039.0,111129.0,109475.0,110530.0,971.54553
2025-11-03 00:00:00+00:00,110524.0,110730.0,105300.0,106548.0,2920.1582
2025-11-04 00:00:00+00:00,106550.0,107260.0,98898.0,101466.0,5333.628
2025-11-05 00:00:00+00:00,101473.0,104532.0,98943.0,103865.0,2852.1978
2025-11-06 00:00:00+00:00,103865.0,104187.0,100246.0,101284.0,2708.2075
2025-11-07 00:00:00+00:00,101288.0,104044.0,99192.0,103275.0,2790.8108
2025-11-08 00:00:00+00:00,103275.0,103345.0,101435.0,102286.0,1224.8351
2025-11-09 00:00:00+00:00,102295.0,105425.0,101394.0,104705.0,1718.0618
2025-11-10 00:00:00+00:00,104677.0,106623.0,104256.0,105972.0,1858.3628
2025-11-11 00:00:00+00:00,105972.0,107465.0,102442.0,103015.0,1836.8385
2025-11-12 00:00:00+00:00,103027.0,105301.0,100812.0,101635.0,1780.4993
2025-11-13 00:00:00+00:00,101634.0,104019.0,97950.0,99618.0,3403.6023
2025-11-14 00:00:00+00:00,99618.0,99815.0,93961.0,94509.0,6242.5933
2025-11-15 00:00:00+00:00,94511.0,96736.0,94491.0,95539.0,1766.6615
2025-11-16 00:00:00+00:00,95540.0,96538.0,92929.0,94187.0,2865.9307
2025-11-17 00:00:00+00:00,94186.0,95938.0,91168.0,92102.0,4149.83
2025-11-18 00:00:00+00:00,92112.0,93753.0,89189.0,92911.0,4742.0425
2025-11-19 00:00:00+00:00,92911.0,92936.0,88497.0,91474.0,3769.1255
2025-11-20 00:00:00+00:00,91468.0,93065.0,85912.0,86527.0,5180.914
2025-11-21 00:00:00+00:00,86511.0,87386.0,80537.0,85060.0,8467.354
2025-11-22 00:00:00+00:00,85054.0,85530.0,83432.0,84679.0,2384.789
2025-11-23 00:00:00+00:00,84686.0,88082.0,84624.0,86803.0,2773.7876
2025-11-24 00:00:00+00:00,86808.0,89222.0,85225.0,88277.0,4092.8838
2025-11-25 00:00:00+00:00,88276.0,88463.0,86076.0,87331.0,2871.1719
2025-11-26 00:00:00+00:00,87331.0,90646.0,86304.0,90477.0,2971.041
2025-11-27 00:00:00+00:00,90476.0,91926.0,90091.0,91325.0,1908.7534
2025-11-28 00:00:00+00:00,91326.0,93091.0,90233.0,90913.0,2305.9905
2025-11-29 00:00:00+00:00,90913.0,91179.0,90216.0,90832.0,681.5995
2025-11-30 00:00:00+00:00,90832.0,91969.0,90362.0,90382.0,1020.91846
2025-12-01 00:00:00+00:00,90369.0,90421.0,83814.0,86291.0,4297.0005
2025-12-02 00:00:00+00:00,86291.0,92328.0,86190.0,91300.0,4590.278
2025-12-03 00:00:00+00:00,91303.0,94172.0,91030.0,93472.0,4462.8154
2025-12-04 00:00:00+00:00,93460.0,94086.0,90903.0,92103.0,2700.6252
2025-12-05 00:00:00+00:00,92109.0,92690.0,88156.0,89348.0,3068.8137
2025-12-06 00:00:00+00:00,89342.0,90286.0,88932.0,89249.0,1058.7438
2025-12-07 00:00:00+00:00,89256.0,91767.0,87744.0,90405.0,2387.9453
2025-12-08 00:00:00+00:00,90406.0,92296.0,89618.0,90649.0,3033.7092
2025-12-09 00:00:00+00:00,90642.0,94652.0,89558.0,92695.0,3420.1594
2025-12-10 00:00:00+00:00,92693.0,94494.0,91579.0,92036.0,3493.0693
2025-12-11 00:00:00+00:00,92037.0,93562.0,89269.0,92531.0,3855.9482
2025-12-12 00:00:00+00:00,92531.0,92757.0,89466.0,90275.0,2653.3503
2025-12-13 00:00:00+00:00,90275.0,90640.0,89789.0,90264.0,588.93066
2025-12-14 00:00:00+00:00,90260.0,90492.0,87607.0,88164.0,2245.2852
2025-12-15 00:00:00+00:00,88170.0,90015.0,85140.0,86412.0,3042.8667
2025-12-16 00:00:00+00:00,86413.0,88135.0,85260.0,87843.0,2848.8875
2025-12-17 00:00:00+00:00,87842.0,90317.0,85274.0,86215.0,3340.006
2025-12-18 00:00:00+00:00,86214.0,89423.0,84398.0,85460.0,3975.6091
2025-12-19 00:00:00+00:00,85459.0,89349.0,85078.0,88095.0,3013.6628
2025-12-20 00:00:00+00:00,88095.0,88522.0,87791.0,88324.0,593.7152
2025-12-21 00:00:00+00:00,88324.0,89017.0,87576.0,88636.0,1067.6698
2025-12-22 00:00:00+00:00,88637.0,90536.0,87867.0,88539.0,3033.7092
2025-12-23 00:00:00+00:00,88554.0,88876.0,86561.0,87423.0,2425.4573
2025-12-24 00:00:00+00:00,87423.0,87976.0,86363.0,87605.0,1586.5184
2025-12-25 00:00:00+00:00,87605.0,88516.0,86896.0,87172.0,1026.0613
2025-12-26 00:00:00+00:00,87168.0,89476.0,86584.0,87296.0,1995.3016
2025-12-27 00:00:00+00:00,87296.0,87902.0,87180.0,87810.0,482.15726
2025-12-28 00:00:00+00:00,87802.0,88001.0,87377.0,87870.0,559.35876
2025-12-29 00:00:00+00:00,87871.0,90307.0,86701.0,87119.0,2713.9136
2025-12-30 00:00:00+00:00,87111.0,89310.0,86718.0,88390.0,1997.6156
2025-12-31 00:00:00+00:00,88390.0,89079.0,87085.0,87496.0,1905.5055
2026-01-01 00:00:00+00:00,87496.0,88782.0,87268.0,88728.0,1395.4688
2026-01-02 00:00:00+00:00,88728.0,90925.0,88284.0,89952.0,3580.7131
2026-01-03 00:00:00+00:00,89952.0,90677.0,89289.0,90590.0,830.75214
2026-01-04 00:00:00+00:00,90590.0,91728.0,90590.0,91501.0,1249.2766
2026-01-05 00:00:00+00:00,91498.0,94792.0,91484.0,93876.0,3369.2595
2026-01-06 00:00:00+00:00,93876.0,94418.0,91221.0,93712.0,2746.4104
2026-01-07 00:00:00+00:00,93712.0,93712.0,90526.0,91273.0,2544.8909
2026-01-08 00:00:00+00:00,91273.0,91562.0,89199.0,91031.0,3047.6147
2026-01-09 00:00:00+00:00,91032.0,91924.0,89596.0,90510.0,2812.7317
2026-01-10 00:00:00+00:00,90510.0,90694.0,90286.0,90382.0,416.98578
2026-01-11 00:00:00+00:00,90382.0,91146.0,90090.0,90872.0,856.5185
2026-01-12 00:00:00+00:00,90872.0,92392.0,90016.0,91195.0,2412.5774
2026-01-13 00:00:00+00:00,91195.0,96474.0,90949.0,95366.0,4730.6006
2026-01-14 00:00:00+00:00,95367.0,97939.0,94249.0,96942.0,5227.413
2026-01-15 00:00:00+00:00,96946.0,97165.0,95113.0,95577.0,2812.1482
2026-01-16 00:00:00+00:00,95583.0,95811.0,94251.0,95521.0,1782.9277
2026-01-17 00:00:00+00:00,95520.0,95603.0,95011.0,95113.0,471.76538
2026-01-18 00:00:00+00:00,95113.0,95480.0,93584.0,93636.0,918.9952
2026-01-19 00:00:00+00:00,93627.0,93632.0,91917.0,92560.0,1871.6272
2026-01-20 00:00:00+00:00,92559.0,92799.0,87777.0,88316.0,4353.6406
2026-01-21 00:00:00+00:00,88317.0,90471.0,87193.0,89374.0,4896.026
2026-01-22 00:00:00+00:00,89373.0,90254.0,88421.0,89464.0,2031.6892
2026-01-23 00:00:00+00:00,89468.0,91122.0,88463.0,89493.0,2347.641
2026-01-24 00:00:00+00:00,89493.0,89778.0,89037.0,89089.0,472.1203
2026-01-25 00:00:00+00:00,89089.0,89180.0,86000.0,86567.0,1952.9374
2026-01-26 00:00:00+00:00,86568.0,88750.0,86422.0,88247.0,2317.0994
2026-01-27 00:00:00+00:00,88247.0,89416.0,87197.0,89135.0,2324.463
2026-01-28 00:00:00+00:00,89135.0,90438.0,88722.0,89168.0,2234.8904
2026-01-29 00:00:00+00:00,89167.0,89214.0,83242.0,84530.0,3681.406
2026-01-30 00:00:00+00:00,84520.0,84599.0,81040.0,84130.0,5197.269
2026-01-31 00:00:00+00:00,84124.0,84137.0,75555.0,78635.0,5126.149
2026-02-01 00:00:00+00:00,78644.0,79322.0,75651.0,76888.0,3780.291
2026-02-02 00:00:00+00:00,76888.0,79301.0,74532.0,78666.0,5904.571
2026-02-03 00:00:00+00:00,78666.0,79113.0,72863.0,75662.0,6491.4224
2026-02-04 00:00:00+00:00,75661.0,76873.0,71704.0,73000.0,6664.206
2026-02-05 00:00:00+00:00,73000.0,73175.0,62200.0,62795.0,12980.445
2026-02-06 00:00:00+00:00,62795.0,71673.0,59930.0,70531.0,12389.363
2026-02-07 00:00:00+00:00,70515.0,71622.0,67313.0,69246.0,5313.4053
2026-02-08 00:00:00+00:00,69249.0,72174.0,68850.0,70283.0,3209.0845
2026-02-09 00:00:00+00:00,70283.0,71383.0,68265.0,70094.0,4251.3364
2026-02-10 00:00:00+00:00,70094.0,70465.0,67870.0,68802.0,4052.5005
2026-02-11 00:00:00+00:00,68801.0,69235.0,65719.0,67053.0,6069.911
2026-02-12 00:00:00+00:00,67034.0,68364.0,65080.0,66207.0,3577.4382
2026-02-13 00:00:00+00:00,66205.0,69405.0,65828.0,68812.0,3679.268
2026-02-14 00:00:00+00:00,68812.0,70513.0,68701.0,69791.0,1855.0088
2026-02-15 00:00:00+00:00,69791.0,70937.0,68044.0,68792.0,2583.791
2026-02-16 00:00:00+00:00,68792.0,70066.0,67268.0,68867.0,2561.4368
2026-02-17 00:00:00+00:00,68867.0,69205.0,66557.0,67468.0,3173.295
2026-02-18 00:00:00+00:00,67469.0,68428.0,65840.0,66425.0,3269.1213
2026-02-19 00:00:00+00:00,66425.0,67281.0,65620.0,66973.0,2883.1917
2026-02-20 00:00:00+00:00,66973.0,68298.0,66431.0,67992.0,4286.253
2026-02-21 00:00:00+00:00,67992.0,68668.0,67518.0,67966.0,1421.6547
2026-02-22 00:00:00+00:00,67967.0,68224.0,67160.0,67612.0,1206.467
2026-02-23 00:00:00+00:00,67612.0,67654.0,63868.0,64630.0,5280.3223
2026-02-24 00:00:00+00:00,64630.0,64984.0,62525.0,64059.0,4165.223
2026-02-25 00:00:00+00:00,64059.0,70038.0,63920.0,67994.0,6032.1855
2026-02-26 00:00:00+00:00,67993.0,68841.0,66511.0,67488.0,3855.808
2026-02-27 00:00:00+00:00,67488.0,68207.0,64935.0,65868.0,4056.2063
2026-02-28 00:00:00+00:00,65868.0,67743.0,63037.0,66985.0,5941.5933
2026-03-01 00:00:00+00:00,66982.0,68201.0,65051.0,65771.0,4640.4126
2026-03-02 00:00:00+00:00,65776.0,70111.0,65259.0,68821.0,6481.1245
2026-03-03 00:00:00+00:00,68821.0,69256.0,66147.0,68336.0,5194.302
2026-03-04 00:00:00+00:00,68336.0,74075.0,67405.0,72691.0,6743.892
2026-03-05 00:00:00+00:00,72691.0,73573.0,70671.0,70896.0,4548.713
2026-03-06 00:00:00+00:00,70898.0,71415.0,67753.0,68114.0,3520.2383
2026-03-07 00:00:00+00:00,68114.0,68543.0,66943.0,67269.0,1602.7397
2026-03-08 00:00:00+00:00,67269.0,68186.0,65623.0,65975.0,2829.7078
2026-03-09 00:00:00+00:00,65974.0,69575.0,65844.0,68453.0,4665.5776
2026-03-10 00:00:00+00:00,68453.0,71775.0,68400.0,69963.0,5202.7153
2026-03-11 00:00:00+00:00,69958.0,71335.0,68991.0,70196.0,4649.311
2026-03-12 00:00:00+00:00,70196.0,70805.0,69222.0,70529.0,4885.7505
2026-03-13 00:00:00+00:00,70537.0,73933.0,70412.0,70949.0,4593.784
2026-03-14 00:00:00+00:00,70947.0,71308.0,70305.0,71218.0,1520.2548
2026-03-15 00:00:00+00:00,71218.0,73223.0,70878.0,72831.0,2292.6155
2026-03-16 00:00:00+00:00,72849.0,74916.0,72294.0,74876.0,3772.1516
2026-03-17 00:00:00+00:00,74884.0,76013.0,73429.0,73928.0,3923.4963
2026-03-18 00:00:00+00:00,73931.0,74676.0,70492.0,71259.0,3059.4702
2026-03-19 00:00:00+00:00,71241.0,71604.0,68799.0,69921.0,3381.2158
2026-03-20 00:00:00+00:00,69921.0,71356.0,69399.0,70502.0,2786.9065
2026-03-21 00:00:00+00:00,70498.0,71082.0,68563.0,68910.0,1361.2026
2026-03-22 00:00:00+00:00,68910.0,69564.0,67354.0,67860.0,2109.616
2026-03-23 00:00:00+00:00,67853.0,71801.0,67435.0,70883.0,3654.9934
2026-03-24 00:00:00+00:00,70875.0,71382.0,68893.0,70519.0,3323.5486
2026-03-25 00:00:00+00:00,70519.0,72026.0,70387.0,71301.0,2612.7236
2026-03-26 00:00:00+00:00,71305.0,71405.0,68110.0,68779.0,3000.044
2026-03-27 00:00:00+00:00,68779.0,69127.0,65505.0,66359.0,3005.9768
2026-03-28 00:00:00+00:00,66359.0,67245.0,65883.0,66321.0,869.9198
2026-03-29 00:00:00+00:00,66320.0,67067.0,64955.0,65954.0,1293.8396
2026-03-30 00:00:00+00:00,65961.0,68109.0,65741.0,66731.0,2769.151
2026-03-31 00:00:00+00:00,66741.0,68517.0,65926.0,68215.0,2152.3738
2026-04-01 00:00:00+00:00,68215.0,69268.0,67542.0,68102.0,2176.8142
2026-04-02 00:00:00+00:00,68104.0,68644.0,65696.0,66890.0,1629.6224
2026-04-03 00:00:00+00:00,66890.0,67359.0,66282.0,66944.0,799.7655
2026-04-04 00:00:00+00:00,66949.0,67528.0,66782.0,67290.0,407.1282
2026-04-05 00:00:00+00:00,67296.0,69104.0,66608.0,68999.0,645.41693
2026-04-06 00:00:00+00:00,69005.0,70355.0,68332.0,68857.0,1269.7338
2026-04-07 00:00:00+00:00,68856.0,72762.0,67724.0,71940.0,1555.8436
2026-04-08 00:00:00+00:00,71911.0,72865.0,70705.0,71110.0,1681.5372
2026-04-09 00:00:00+00:00,71064.0,73159.0,70480.0,71812.0,1764.9962
2026-04-10 00:00:00+00:00,71797.0,73465.0,71432.0,72980.0,2356.2988
2026-04-11 00:00:00+00:00,72980.0,73832.0,72559.0,73071.0,760.05194
2026-04-12 00:00:00+00:00,73060.0,73166.0,70526.0,70746.0,953.3162
2026-04-13 00:00:00+00:00,70742.0,74911.0,70584.0,74447.0,3621.4226
2026-04-14 00:00:00+00:00,74451.0,76120.0,73861.0,74184.0,4058.7378
2026-04-15 00:00:00+00:00,74183.0,75445.0,73528.0,74818.0,824.24585
2026-04-16 00:00:00+00:00,74828.0,75541.0,73309.0,75178.0,1166.0815
2026-04-17 00:00:00+00:00,75172.0,78384.0,74571.0,77108.0,2558.4395
2026-04-18 00:00:00+00:00,77107.0,77451.0,75441.0,75737.0,576.88983
2026-04-19 00:00:00+00:00,75734.0,76264.0,73804.0,73825.0,794.5008
2026-04-20 00:00:00+00:00,73834.0,76597.0,73753.0,75870.0,812.6114
2026-04-21 00:00:00+00:00,75870.0,76944.0,74817.0,76345.0,1106.6772
2026-04-22 00:00:00+00:00,76346.0,79500.0,76154.0,78208.0,1500.9594
2026-04-23 00:00:00+00:00,78209.0,78695.0,76988.0,78269.0,928.43604
2026-04-24 00:00:00+00:00,78269.0,78557.0,77295.0,77466.0,861.89307
2026-04-25 00:00:00+00:00,77460.0,77906.0,77173.0,77639.0,273.884
2026-04-26 00:00:00+00:00,77639.0,78969.0,77348.0,78660.0,608.629
2026-04-27 00:00:00+00:00,78666.0,79490.0,76455.0,77373.0,886.7588
2026-04-28 00:00:00+00:00,77374.0,77474.0,75657.0,76323.0,931.62775
2026-04-29 00:00:00+00:00,76324.0,77882.0,74912.0,75745.0,1208.0645
2026-04-30 00:00:00+00:00,75746.0,76629.0,75299.0,76310.0,584.61884
2026-05-01 00:00:00+00:00,76310.0,78924.0,76294.0,78232.0,829.6823
2026-05-02 00:00:00+00:00,78232.0,79157.0,78036.0,78690.0,360.45078
2026-05-03 00:00:00+00:00,78690.0,79437.0,78082.0,78565.0,447.9142
2026-05-04 00:00:00+00:00,78563.0,80768.0,78203.0,79844.0,1590.7681
2026-05-05 00:00:00+00:00,79855.0,81781.0,79810.0,80913.0,1256.8049
2026-05-06 00:00:00+00:00,80904.0,82833.0,80728.0,81447.0,974.7303
2026-05-07 00:00:00+00:00,81436.0,81706.0,79500.0,80017.0,1030.9344
2026-05-08 00:00:00+00:00,80005.0,80500.0,79168.0,80199.0,861.3455
2026-05-09 00:00:00+00:00,80200.0,81063.0,80135.0,80665.0,260.35013
2026-05-10 00:00:00+00:00,80665.0,82458.0,80269.0,82193.0,509.08426
2026-05-11 00:00:00+00:00,82197.0,82361.0,80429.0,81736.0,1098.1055
2026-05-12 00:00:00+00:00,81736.0,81767.0,79820.0,80491.0,1020.4569
2026-05-13 00:00:00+00:00,80495.0,81288.0,78704.0,79284.0,1405.7932
2026-05-14 00:00:00+00:00,79291.0,82047.0,78893.0,81075.0,2920.2817
2026-05-15 00:00:00+00:00,81075.0,81650.0,78611.0,79062.0,1056.9768
2026-05-16 00:00:00+00:00,79064.0,79186.0,77614.0,78118.0,443.01523
2026-05-17 00:00:00+00:00,78117.0,78573.0,76689.0,77412.0,469.14633
2026-05-18 00:00:00+00:00,77419.0,77753.0,76000.0,76949.0,1128.06
2026-05-19 00:00:00+00:00,76955.0,77357.0,76088.0,76757.0,550.7692
2026-05-20 00:00:00+00:00,76762.0,77782.01,76440.0,77470.5,723.022
2026-05-21 00:00:00+00:00,77482.86,78122.49,76647.94,77554.0,723.2809
2026-05-22 00:00:00+00:00,77565.86,77819.99,75285.0,75451.01,725.0509
2026-05-23 00:00:00+00:00,75451.01,77302.52,74192.21,76655.99,967.2323
2026-05-24 00:00:00+00:00,76654.0,77427.0,76015.0,76974.88,496.89496
2026-05-25 00:00:00+00:00,76974.88,77830.83,76833.0,77254.92,518.6958
2026-05-26 00:00:00+00:00,77255.0,78002.74,75559.41,75820.94,1137.3209
2026-05-27 00:00:00+00:00,75820.95,76047.0,74127.01,74330.48,881.6652
2026-05-28 00:00:00+00:00,74330.47,74461.71,72461.53,73519.16,1415.4376
2026-05-29 00:00:00+00:00,73526.41,74223.0,72394.58,73373.29,968.7267
2026-05-30 00:00:00+00:00,73373.3,74024.77,73125.86,73762.15,357.56268
2026-05-31 00:00:00+00:00,73775.0,74162.97,73289.97,73567.99,421.37448
2026-06-01 00:00:00+00:00,73568.0,73984.48,70574.13,71313.86,1811.5151
2026-06-02 00:00:00+00:00,71305.47,71309.61,66099.58,66668.6,3062.1204
2026-06-03 00:00:00+00:00,66669.99,67417.99,63991.31,64045.64,2990.4775
2026-06-04 00:00:00+00:00,64045.63,64687.36,61310.19,63814.8,5828.8413
2026-06-05 00:00:00+00:00,63811.0,63915.41,59100.0,61042.14,5485.961
2026-06-06 00:00:00+00:00,61032.64,61503.35,59485.04,60858.64,1210.534
2026-06-07 00:00:00+00:00,60850.82,64196.66,60717.66,63315.72,1423.3486
2026-06-08 00:00:00+00:00,63306.56,64191.09,62370.0,63061.78,2143.3398
2026-06-09 00:00:00+00:00,63068.48,63491.41,60718.0,61685.44,2619.17
2026-06-10 00:00:00+00:00,61685.43,62808.52,60678.99,61456.49,2140.3625
2026-06-11 00:00:00+00:00,61452.99,63840.01,61452.99,63558.21,1556.8795
2026-06-12 00:00:00+00:00,63558.2,64348.63,62761.04,63531.04,1263.5189
2026-06-13 00:00:00+00:00,63539.04,64742.88,63409.94,64440.0,561.3926
2026-06-14 00:00:00+00:00,64423.99,65758.99,63642.58,65712.5,779.26764
2026-06-15 00:00:00+00:00,65713.19,67253.17,65315.92,66282.05,1590.0564
2026-06-16 00:00:00+00:00,66282.05,66949.01,65301.0,65612.86,1296.4463
2026-06-17 00:00:00+00:00,65612.85,66390.79,63861.31,64443.27,1568.8341
2026-06-18 00:00:00+00:00,64448.09,64754.21,62178.0,62889.92,1547.3289
2026-06-19 00:00:00+00:00,62889.92,63606.48,62245.01,63487.34,918.3691
2026-06-20 00:00:00+00:00,63487.34,64334.69,63133.21,64245.72,610.7198
2026-06-21 00:00:00+00:00,64225.99,64522.0,63197.23,63237.18,551.09674
2026-06-22 00:00:00+00:00,63237.17,65555.13,63237.17,63948.96,1437.3907
2026-06-23 00:00:00+00:00,63948.95,64199.85,61860.01,62651.43,1351.7402
2026-06-24 00:00:00+00:00,62651.43,63137.0,59018.45,60987.0,2180.3762
2026-06-25 00:00:00+00:00,60981.45,61865.72,58035.28,59696.26,2130.4873
2026-06-26 00:00:00+00:00,59710.91,60656.42,58240.91,60019.38,2185.0005
2026-06-27 00:00:00+00:00,60021.01,60850.0,59766.78,59940.07,508.5319
2026-06-28 00:00:00+00:00,59940.06,60088.59,59930.0,60062.66,3.593328
